sim,method,1,2,3
0,OT-ICA,0.12539267261555168,0.26120374286035536,0.6134035845240929
0,FastICA,0.12193488458852854,0.2670701802709073,0.6109949351405642
0,Chol-min,0.013969996761289762,0.09173169480649286,0.07017452820085018
0,Chol-max,0.43361701625206345,0.6232246659713275,0.8069114252596515
1,OT-ICA,0.10699031508165008,0.2083353503149614,0.6846743346033886
1,FastICA,0.10836972253420545,0.19635316561401875,0.6952771118517758
1,Chol-min,0.012352745021962023,0.053623811674658226,0.12050343614497212
1,Chol-max,0.4534042073793055,0.5781192639241468,0.8695087664955471
2,OT-ICA,0.08112078300731274,0.3141722200687065,0.6047069969239808
2,FastICA,0.08552669941564518,0.2994787934558363,0.6149945071285186
2,Chol-min,0.0044701364667724085,0.08936864973270726,0.10436264799457634
2,Chol-max,0.3993717792186609,0.6383667491338918,0.8415226822330161
3,OT-ICA,0.14344913961761227,0.26747517840007623,0.5890756819823115
3,FastICA,0.1403306233116205,0.2696960358500659,0.5899733408383135
3,Chol-min,0.009087788716548383,0.08668717317665296,0.07754335804515682
3,Chol-max,0.4074046864336952,0.640934262488232,0.8272864527785785
4,OT-ICA,0.15135132167546952,0.263280279324184,0.5853683990003464
4,FastICA,0.1607747559200269,0.25329125872631764,0.5859339853536555
4,Chol-min,0.015221615449686914,0.06675062906231831,0.08274942514735298
4,Chol-max,0.4441241291356211,0.6091550736122231,0.8386977897625351
5,OT-ICA,0.1353614503915528,0.23448346276108073,0.6301550868473664
5,FastICA,0.15413680584180034,0.22791846701982799,0.6179447271383717
5,Chol-min,0.020854543324301374,0.07058005779685285,0.08155278323291926
5,Chol-max,0.4463692829586366,0.6053409472698251,0.8231385640640628
6,OT-ICA,0.08222802854811868,0.3224024494627327,0.5953695219891486
6,FastICA,0.09111230030061279,0.3304938392972185,0.5783938604021687
6,Chol-min,0.0018074858087192352,0.09961717518557091,0.10152433510582314
6,Chol-max,0.3507548822651626,0.6643023484406068,0.8431243837470261
7,OT-ICA,0.09526356014892132,0.21231032020852447,0.6924261196425542
7,FastICA,0.1015196343396045,0.19049004875787778,0.7079903169025177
7,Chol-min,0.013078258767119136,0.043653893866147264,0.11749724061636335
7,Chol-max,0.4553549830639207,0.5577126049053435,0.8845414222567114
8,OT-ICA,0.10606889948462345,0.19306960751077906,0.7008614930045974
8,FastICA,0.09831389217711745,0.1749980563930106,0.7266880514298719
8,Chol-min,0.009553586872197598,0.06330867419884068,0.10884852350877469
8,Chol-max,0.43216482218072005,0.5963076483946073,0.8626273119326048
9,OT-ICA,0.1127236626699962,0.2204387536650426,0.6668375836649612
9,FastICA,0.11835812308484057,0.22606140279136616,0.6555804741237933
9,Chol-min,0.005146635396854768,0.07437334218857096,0.09974182161579219
9,Chol-max,0.4018890592605495,0.6336342130458171,0.8581105184680851
10,OT-ICA,0.13388384729819916,0.2966551093880395,0.5694610433137614
10,FastICA,0.12971693331729206,0.28970083931060436,0.5805822273721036
10,Chol-min,0.015292676189607803,0.07325549418726333,0.08239196272618632
10,Chol-max,0.4261891352171639,0.6112228548671572,0.8332931336777536
11,OT-ICA,0.1208057450706263,0.209415796724889,0.6697784582044847
11,FastICA,0.11853358680650355,0.21110980035557758,0.6703566128379188
11,Chol-min,0.01084422806530042,0.057393698907464305,0.10463655350314342
11,Chol-max,0.41908418200983283,0.5928177232542481,0.8699591798381525
12,OT-ICA,0.10506375477467196,0.20754413697957094,0.687392108245757
12,FastICA,0.11783577032056568,0.20340501110169665,0.6787592185777377
12,Chol-min,0.02336675808412357,0.058521170706904845,0.08749159575013911
12,Chol-max,0.4799662942522225,0.5779612404049358,0.8339173474575009
13,OT-ICA,0.09287812535382757,0.23933534135162368,0.6677865332945487
13,FastICA,0.10247201657359135,0.22039833879820372,0.677129644628205
13,Chol-min,0.009938444782656309,0.057248865730419,0.12221530005310602
13,Chol-max,0.4075792264602522,0.5816037448127742,0.8769773050411961
14,OT-ICA,0.125857095288097,0.25479006846074514,0.6193528362511578
14,FastICA,0.13195029876653694,0.26129315269042347,0.6067565485430396
14,Chol-min,0.01316080342035801,0.07268021970908754,0.08977227856473323
14,Chol-max,0.4148862336263956,0.6177517194642175,0.8403566258057475
15,OT-ICA,0.1210612419342799,0.20989622081503606,0.6690425372506841
15,FastICA,0.11665128197371435,0.22036767065924223,0.6629810473670434
15,Chol-min,0.013853749578801092,0.058981887359088485,0.11052032835335392
15,Chol-max,0.42138428149566776,0.5747647892614148,0.8647320860762994
16,OT-ICA,0.1031924755965887,0.2861006480352784,0.6107068763681329
16,FastICA,0.10181566161120474,0.28809626124125703,0.6100880771475383
16,Chol-min,0.009923580933796411,0.07630909961394335,0.08740832120827713
16,Chol-max,0.40251180778907536,0.6296309137501463,0.8427237965614235
17,OT-ICA,0.11652060987687475,0.2954910572398858,0.5879883328832395
17,FastICA,0.12874521155637045,0.2919679423228251,0.5792868461208044
17,Chol-min,0.007352573350776275,0.08276814442280744,0.08659913094801767
17,Chol-max,0.4056942924926688,0.640924682433998,0.8381069813600908
18,OT-ICA,0.11912469600744346,0.2718594999210404,0.6090158040715161
18,FastICA,0.11445691373093568,0.2771214414214789,0.6084216448475853
18,Chol-min,0.00882831587443806,0.07876024344276372,0.09779765220615225
18,Chol-max,0.4260442162109743,0.6279109563802292,0.8390690071552623
19,OT-ICA,0.11352946596185857,0.23220297245046168,0.6542675615876797
19,FastICA,0.11479062379605535,0.22656676743170642,0.6586426087722381
19,Chol-min,0.014243542777981509,0.06503806528007644,0.09300214814257263
19,Chol-max,0.44235814111731314,0.6020474584214248,0.8458923763463898
20,OT-ICA,0.11220055910518864,0.18381535453930464,0.7039840863555067
20,FastICA,0.11830386970627202,0.18919667155585834,0.6924994587378697
20,Chol-min,0.015202494074968905,0.03802501306616385,0.1183223769114457
20,Chol-max,0.4721097948965743,0.5609902302606613,0.8854379174553825
21,OT-ICA,0.15169865418161194,0.23582405032761639,0.6124772954907717
21,FastICA,0.1518092081860908,0.22975172614160078,0.6184390656723084
21,Chol-min,0.015641352987872243,0.056592894544833426,0.09367513671558042
21,Chol-max,0.42793404469170343,0.5877023331879669,0.8595424528521745
22,OT-ICA,0.1199115402501385,0.3289141379566529,0.5511743217932086
22,FastICA,0.11684918119476281,0.32450277697819174,0.5586480418270454
22,Chol-min,0.01954342231397983,0.09779646261394553,0.05489868579484415
22,Chol-max,0.44873787127545195,0.6343260543352499,0.7790289633718747
23,OT-ICA,0.11256589197896553,0.2401020666655456,0.6473320413554888
23,FastICA,0.1020306625054034,0.24094273938557198,0.6570265981090245
23,Chol-min,0.01763392449209971,0.06302550420099408,0.09242458090537053
23,Chol-max,0.44953035774381694,0.5868580171031583,0.8432515970968009
24,OT-ICA,0.09489085908802991,0.31775925030390995,0.5873498906080601
24,FastICA,0.09867404261521733,0.3262074133616677,0.575118544023115
24,Chol-min,0.003968584232807722,0.12943694377655296,0.06835590304302752
24,Chol-max,0.37440950581868765,0.6912137527113787,0.7861959222786955
25,OT-ICA,0.09456159421008362,0.2735081206989685,0.631930285090948
25,FastICA,0.09957557196202915,0.2560069248037054,0.6444175032342654
25,Chol-min,0.01525103801344859,0.06525884786377345,0.10215107412944803
25,Chol-max,0.4427990321644011,0.6125584561884202,0.8424087537635188
26,OT-ICA,0.11391207985542243,0.19308656459035134,0.6930013555542262
26,FastICA,0.10872638113478109,0.18685495482964398,0.704418664035575
26,Chol-min,0.008410350363993778,0.04983761654223096,0.14494632894652218
26,Chol-max,0.39568987752139106,0.564185168855385,0.895178348283374
27,OT-ICA,0.0997329066055555,0.2501227942557912,0.6501442991386532
27,FastICA,0.09051251131394825,0.2698394477071592,0.6396480409788925
27,Chol-min,0.009495243881668893,0.08283650808730303,0.09118044790925652
27,Chol-max,0.4184796157778575,0.6182793561611843,0.8349251033324321
28,OT-ICA,0.13119825237308955,0.34459754059897074,0.5242042070279397
28,FastICA,0.13683352616740552,0.33120984272066933,0.531956631111925
28,Chol-min,0.015049408484337196,0.09391868856903879,0.0664464797499182
28,Chol-max,0.44133274939159045,0.6435546069338614,0.7951250383420086
29,OT-ICA,0.13809111052115058,0.2623256915481638,0.5995831979306856
29,FastICA,0.140814820884298,0.2680608915294205,0.5911242875862815
29,Chol-min,0.01077624757050684,0.08317335484447336,0.0784354482979309
29,Chol-max,0.4281514413919428,0.6311425472574013,0.8254763599759964
30,OT-ICA,0.08711467792474133,0.22950428745137097,0.6833810346238877
30,FastICA,0.0887684833915333,0.22752184335318423,0.6837096732552824
30,Chol-min,0.007010955377821927,0.06348402885294473,0.10778950100531409
30,Chol-max,0.42443825527346085,0.5955815665134002,0.8698747315473642
31,OT-ICA,0.11933670127435633,0.1792307315482306,0.7014325671774131
31,FastICA,0.13539666868831454,0.7853882852181971,0.07921504609348824
31,Chol-min,0.01590694864568742,0.03355044525030073,0.14553494164148817
31,Chol-max,0.45621629740336805,0.534412829381705,0.8982203532515743
32,OT-ICA,0.13269291315587356,0.2385614313408263,0.6287456555033001
32,FastICA,0.13506589835868296,0.23071724537653684,0.6342168562647802
32,Chol-min,0.0075639273205262095,0.06601992168162765,0.10478169539022356
32,Chol-max,0.40879080291954,0.6254611028485835,0.8628793303861243
33,OT-ICA,0.06066291434477984,0.17928328982746572,0.7600537958277545
33,FastICA,0.05971834934384427,0.19426957117679966,0.7460120794793561
33,Chol-min,0.004496064721408303,0.04532012303847677,0.1468515365971016
33,Chol-max,0.4035587271496873,0.5832797150112666,0.9074241820191599
34,OT-ICA,0.1325505821184233,0.3136429962539337,0.553806421627643
34,FastICA,0.135458821213031,0.3234750775706183,0.5410661012163507
34,Chol-min,0.008610045243013578,0.0860840301459462,0.08578042142929926
34,Chol-max,0.3882424829483696,0.6527098226889224,0.8321372603432531
35,OT-ICA,0.10201733031524209,0.1595027203342796,0.7384799493504783
35,FastICA,0.1019657358124906,0.16319778018431827,0.7348364840031911
35,Chol-min,0.016442025787638894,0.037890183542449565,0.11496363070969201
35,Chol-max,0.4557488362299642,0.5482936856749647,0.8874295805568254
36,OT-ICA,0.11764393169151421,0.22132800714800732,0.6610280611604784
36,FastICA,0.12018665673797015,0.22354059431007745,0.6562727489519524
36,Chol-min,0.011529062607421266,0.06996393997905526,0.08667775251562007
36,Chol-max,0.4471763678416564,0.6138317136709617,0.8413685804016946
37,OT-ICA,0.07833595951520674,0.24069741489107546,0.6809666255937178
37,FastICA,0.0822674678020409,0.24136479185475038,0.6763677403432087
37,Chol-min,0.007992018303998672,0.06659631562533497,0.10902944986078311
37,Chol-max,0.4082534584962024,0.6084674022810173,0.8642126721472094
38,OT-ICA,0.18704557366330693,0.21179923389216193,0.6011551924445312
38,FastICA,0.17097770941973517,0.20935154064106784,0.6196707499391969
38,Chol-min,0.014663162915053568,0.07025046567632465,0.08636164395240334
38,Chol-max,0.4476706679123066,0.6130584546148337,0.8342776430874584
39,OT-ICA,0.10481564289154467,0.23691830698868455,0.6582660501197708
39,FastICA,0.10232800449212157,0.23188576288502355,0.6657862326228549
39,Chol-min,0.010578338157007433,0.07382119334763114,0.0921964980230472
39,Chol-max,0.42912073999604095,0.6076684788833892,0.8437563065998702
40,OT-ICA,0.14621304425334145,0.27474578496169355,0.5790411707849651
40,FastICA,0.14407501172819573,0.2685500828106921,0.5873749054611122
40,Chol-min,0.014030045258629147,0.06454041859651699,0.09004017732956356
40,Chol-max,0.4427000317591479,0.5981776709723068,0.8472564187816911
41,OT-ICA,0.10270620601788721,0.22252960568543356,0.6747641882966792
41,FastICA,0.09605078022219384,0.22140058196211787,0.6825486378156882
41,Chol-min,0.009498538517544706,0.071795297602987,0.10769498755703637
41,Chol-max,0.429870085158155,0.5933173997025816,0.8526610053780698
42,OT-ICA,0.13297566907127822,0.174973537129984,0.6920507937987378
42,FastICA,0.12897607187087418,0.19175859444763887,0.679265333681487
42,Chol-min,0.014571772126725774,0.04079380590962353,0.12742121537904147
42,Chol-max,0.44581286675620363,0.559667525558964,0.8874318151519515
43,OT-ICA,0.1259110165141542,0.22143572162231398,0.6526532618635318
43,FastICA,0.11891860984653009,0.23040765735261237,0.6506737328008575
43,Chol-min,0.011770091882283824,0.06393647422220887,0.09526271198343306
43,Chol-max,0.4403996502238467,0.6050253137931048,0.8526413628230093
44,OT-ICA,0.14565390285679553,0.32237144168813414,0.5319746554550703
44,FastICA,0.13125446701608273,0.3456194996107545,0.5231260333731628
44,Chol-min,0.006578945227002907,0.10716903143284714,0.08192124046929154
44,Chol-max,0.3964993906725776,0.6583293324438564,0.8083794877374356
45,OT-ICA,0.12360527383904749,0.21376202203862285,0.6626327041223296
45,FastICA,0.11940205162121591,0.199018822563755,0.6815791258150291
45,Chol-min,0.018430211209428303,0.04888474238001386,0.10864646952791421
45,Chol-max,0.47572780723717367,0.568840654674193,0.8609096938541511
46,OT-ICA,0.19970191155133682,0.23192306116809946,0.5683750272805637
46,FastICA,0.20098494829941396,0.23118059083412887,0.5678344608664572
46,Chol-min,0.02281441833063814,0.06526608628567104,0.0837523142055709
46,Chol-max,0.4550123056013521,0.5806463757927963,0.8299870817550551
47,OT-ICA,0.10145779338171965,0.22798940003316634,0.6705528065851141
47,FastICA,0.1056091581908959,0.22915549595072426,0.6652353458583798
47,Chol-min,0.004831693657966898,0.059383532746924546,0.1277698943458791
47,Chol-max,0.3979952536474162,0.5821573879811393,0.8881585280263421
48,OT-ICA,0.09712776125829373,0.25251692168832474,0.6503553170533816
48,FastICA,0.07859827218890109,0.2658450855240362,0.6555566422870628
48,Chol-min,0.0064579065009980705,0.06886429042786497,0.10401482601931594
48,Chol-max,0.3704988489859139,0.6273857241803689,0.8682402015188061
49,OT-ICA,0.09689840814781922,0.24558879988786145,0.6575127919643193
49,FastICA,0.09923198348081858,0.24873365570533756,0.6520343608138438
49,Chol-min,0.007646636560306806,0.06996554826187211,0.10598659333612967
49,Chol-max,0.4074591427349882,0.6139498944139631,0.8597653593181374
50,OT-ICA,0.1457603858109278,0.28539729931980556,0.5688423148692666
50,FastICA,0.13945858638836733,0.29297151103117813,0.5675699025804545
50,Chol-min,0.015290825594712766,0.08392283146304111,0.06639730609851273
50,Chol-max,0.4488641035838122,0.6276443921481726,0.8088839522018302
51,OT-ICA,0.18040903291399263,0.18360187339323641,0.6359890936927709
51,FastICA,0.17374551779886396,0.19832143039928937,0.6279330518018467
51,Chol-min,0.020318116988499738,0.04434700582073658,0.10855557218023884
51,Chol-max,0.4692103910831849,0.5504058664907213,0.8682000706141385
52,OT-ICA,0.10654031061788469,0.2399372446105958,0.6535224447715196
52,FastICA,0.10471658481884362,0.23639411907194266,0.6588892961092137
52,Chol-min,0.004931960971137741,0.06837022068976727,0.11755863133033154
52,Chol-max,0.4064045175882412,0.6152125213463097,0.8698583568108624
53,OT-ICA,0.10850912677641815,0.2639042615462892,0.6275866116772926
53,FastICA,0.11228883568056065,0.2680747714035682,0.619636392915871
53,Chol-min,0.01183249317108375,0.09805987599924107,0.06860714393547991
53,Chol-max,0.40598120617066,0.6333991649022364,0.8074096891075012
54,OT-ICA,0.13149522373320624,0.22672908439921352,0.6417756918675802
54,FastICA,0.13378051915488412,0.22389521959551603,0.6423242612495998
54,Chol-min,0.011328341873022233,0.06615025784148174,0.10275420880566292
54,Chol-max,0.4269866835379917,0.5958928268212579,0.8554591425838143
55,OT-ICA,0.10992864569771761,0.21930820026321887,0.6707631540390635
55,FastICA,0.11341154889556891,0.21725178243074403,0.6693366686736871
55,Chol-min,0.012251294257585877,0.0550504831723461,0.11729782924833354
55,Chol-max,0.4286333050790138,0.5733970078583009,0.8725399283895804
56,OT-ICA,0.11806071825351298,0.3142466029499762,0.5676926787965109
56,FastICA,0.12340432622676566,0.3209350515231893,0.5556606222500451
56,Chol-min,0.006059343615595929,0.12340022206572564,0.06357597207986328
56,Chol-max,0.38888781293321867,0.6757255133913016,0.7857397889175612
57,OT-ICA,0.17117429539344142,0.33956614771499616,0.4892595568915624
57,FastICA,0.16200797617321241,0.3162191347394943,0.5217728890872932
57,Chol-min,0.009270313056305964,0.11825093245105675,0.048124922870269884
57,Chol-max,0.41685287809704324,0.672591898127665,0.7733508863683348
58,OT-ICA,0.0864770760509272,0.23528849873454108,0.6782344252145317
58,FastICA,0.08940820636136818,0.22396878217874364,0.6866230114598882
58,Chol-min,0.005002876257910978,0.07575326125899934,0.11215390167263067
58,Chol-max,0.38775715230425817,0.6323564874247238,0.8604322914590247
59,OT-ICA,0.11126765759470197,0.2668730146806122,0.6218593277246859
59,FastICA,0.10963082422441638,0.2588835497444204,0.6314856260311632
59,Chol-min,0.008563909045021613,0.05557111482098452,0.12323147267092996
59,Chol-max,0.423847937254139,0.6002078716483698,0.8769036694600753
60,OT-ICA,0.1405772789498594,0.26332312132253055,0.59609959972761
60,FastICA,0.1270952616533169,0.2540978412154346,0.6188068971312485
60,Chol-min,0.012105494014623708,0.06762840595122273,0.09351062721345484
60,Chol-max,0.45804829641278444,0.5893676949532336,0.846408131911144
61,OT-ICA,0.13184734239309306,0.2380458265453307,0.6301068310615762
61,FastICA,0.11996695266131265,0.24868022475854162,0.6313528225801457
61,Chol-min,0.010308186140479035,0.06984201818724088,0.10068353964799097
61,Chol-max,0.4155358429861763,0.6090546453734186,0.8526061079758004
62,OT-ICA,0.1027283689953992,0.22343114739642148,0.6738404836081793
62,FastICA,0.1107630666864325,0.22190174900154422,0.6673351843120233
62,Chol-min,0.007459731303215817,0.07196754800570455,0.10002598430494616
62,Chol-max,0.4262951376406881,0.6174297898676626,0.8532390046165717
63,OT-ICA,0.10342011988572211,0.16676329233449333,0.7298165877797845
63,FastICA,0.10018984087821375,0.17083846273100925,0.728971696390777
63,Chol-min,0.005898789249929536,0.04848291480012713,0.14230581513461266
63,Chol-max,0.42400510151497595,0.5675475207727282,0.8984765393522725
64,OT-ICA,0.09223703932657569,0.24626249455407892,0.6615004661193453
64,FastICA,0.08615231121561474,0.2392027365769887,0.6746449522073965
64,Chol-min,0.004975046526419306,0.07922937343914202,0.09861647189132748
64,Chol-max,0.41435896011157,0.6234368611282023,0.8518812775052976
65,OT-ICA,0.1161574960310948,0.2222130348140062,0.6616294691548991
65,FastICA,0.1135996187356076,0.20591613479780055,0.6804842464665919
65,Chol-min,0.006472646435084206,0.05353495948729182,0.1266892357425168
65,Chol-max,0.41393091562802936,0.5724784201334018,0.8903728233210584
66,OT-ICA,0.14247484392792517,0.245404857948047,0.6121202981240278
66,FastICA,0.13151441828955135,0.24268935737726968,0.6257962243331789
66,Chol-min,0.017824430331223298,0.08202632548417872,0.06551087377205182
66,Chol-max,0.43045792020626067,0.6250252109779036,0.8107347240207071
67,OT-ICA,0.09930372945236762,0.2931221442786046,0.6075741262690277
67,FastICA,0.09484331712159658,0.29821636378818406,0.6069403190902194
67,Chol-min,0.009631435416657818,0.07462788516978985,0.0984811586634223
67,Chol-max,0.40034678557541425,0.615428048497869,0.8495782681099627
68,OT-ICA,0.12296653472735494,0.2163077577563058,0.6607257075163393
68,FastICA,0.12482840457011193,0.21236980077129014,0.662801794658598
68,Chol-min,0.01584131793165805,0.07135784316019893,0.08901130866051077
68,Chol-max,0.429547007142923,0.599546575737575,0.8370383178397909
69,OT-ICA,0.14294445264205305,0.22579639066363869,0.6312591566943083
69,FastICA,0.1491915612092469,0.23263217310945286,0.6181762656813002
69,Chol-min,0.020642001643745647,0.06414709068680507,0.07140221266178823
69,Chol-max,0.4653396345696711,0.5817582951837282,0.8308531321451874
70,OT-ICA,0.10683519780767203,0.21341733261182455,0.6797474695805034
70,FastICA,0.10346479076310482,0.21196276298111538,0.6845724462557798
70,Chol-min,0.007303233683729026,0.0724295645792528,0.10873234959529247
70,Chol-max,0.40242324974835103,0.6165145372408197,0.8581799574946098
71,OT-ICA,0.10865176289878858,0.24601410922475705,0.6453341278764543
71,FastICA,0.10563108434987623,0.23342945735051507,0.6609394582996087
71,Chol-min,0.007837410913281712,0.07606568492422036,0.08742957360043062
71,Chol-max,0.41847391715121496,0.6316635442891715,0.8446266633817614
72,OT-ICA,0.08572165063236356,0.24969732613014267,0.6645810232374937
72,FastICA,0.0801120891974239,0.2506295163004386,0.6692583945021374
72,Chol-min,0.008104086415896451,0.07285073678984662,0.11326338076912779
72,Chol-max,0.400865085519653,0.6118570489688965,0.857054633591153
73,OT-ICA,0.09742437341232064,0.22365255383561336,0.678923072752066
73,FastICA,0.09653153901402299,0.21317377402864857,0.6902946869573284
73,Chol-min,0.005739397946022955,0.06337563950394445,0.11044914956570939
73,Chol-max,0.41311478051361955,0.6159775203338892,0.8723377469842774
74,OT-ICA,0.09993999742460359,0.17846402810248002,0.7215959744729163
74,FastICA,0.119197996509592,0.17536983492787706,0.705432168562531
74,Chol-min,0.01108500761783431,0.0479326737788851,0.11747464649751924
74,Chol-max,0.45493018369055,0.564736065701213,0.881745915319731
75,OT-ICA,0.09214849977553942,0.20960618601715644,0.6982453142073041
75,FastICA,0.09218270290245746,0.20695120036991843,0.7008660967276241
75,Chol-min,0.011116777900192795,0.050444849030626696,0.13022537420428254
75,Chol-max,0.43320817282551777,0.5675523164794328,0.8819146718784122
76,OT-ICA,0.1184257244589805,0.14432821853005123,0.7372460570109682
76,FastICA,0.12013101014871849,0.14202374312637497,0.7378452467249065
76,Chol-min,0.01934643551178229,0.028354264311439097,0.15299916601394564
76,Chol-max,0.46878331310277194,0.5182824725629263,0.9005863539294776
77,OT-ICA,0.1692400948547305,0.24999759341706804,0.5807623117282015
77,FastICA,0.16754282027438852,0.24623488582441752,0.586222293901194
77,Chol-min,0.012705268430656952,0.1016133688076164,0.056101535873895575
77,Chol-max,0.4247766224380405,0.6492166136925347,0.7908924539771818
78,OT-ICA,0.08608240912169561,0.23926725863994158,0.6746503322383628
78,FastICA,0.09192293350120195,0.23128422771116358,0.6767928387876345
78,Chol-min,0.009908199427655572,0.07034297132761143,0.09431197276272252
78,Chol-max,0.4151764871753327,0.6199157773488639,0.850436308558897
79,OT-ICA,0.12026276863731811,0.24960021686965297,0.630137014493029
79,FastICA,0.13448546790648078,0.27124696835857376,0.5942675637349454
79,Chol-min,0.016960905179666707,0.05731278116735404,0.1099651296348025
79,Chol-max,0.45179980155202365,0.562943221862459,0.857608006980734
80,OT-ICA,0.10529644980275421,0.2393283739827392,0.6553751762145066
80,FastICA,0.10619147275947294,0.24380465710782756,0.6500038701326996
80,Chol-min,0.014511501080947564,0.07072941485754781,0.08708342500449684
80,Chol-max,0.43668116412853686,0.5958026624789837,0.8394662428524858
81,OT-ICA,0.1264782528567549,0.2260379211936814,0.6474838259495637
81,FastICA,0.12892334981504194,0.2448941781158435,0.6261824720691146
81,Chol-min,0.009289485838533767,0.08460131054697262,0.08934525861104242
81,Chol-max,0.4167262114296035,0.6289150973074782,0.8313779330378966
82,OT-ICA,0.0860553880514929,0.2272323733882185,0.6867122385602886
82,FastICA,0.08540425794744175,0.24556854026980818,0.6690272017827501
82,Chol-min,0.008018411884389225,0.08277670974403065,0.08460835329049068
82,Chol-max,0.42994397124386674,0.6247085634134559,0.8343701377726542
83,OT-ICA,0.11678246934982706,0.2152344009859784,0.6679831296641946
83,FastICA,0.1136867911401455,0.21978717689726474,0.6665260319625897
83,Chol-min,0.009663569184968177,0.070505732386999,0.09708492123630884
83,Chol-max,0.42276534709842917,0.6086345105121365,0.8516037919911738
84,OT-ICA,0.14303142806845337,0.302112634061593,0.5548559378699537
84,FastICA,0.14066117219553148,0.32057161440388476,0.5387672134005838
84,Chol-min,0.006834102207323751,0.11860154613934357,0.050376817077535475
84,Chol-max,0.40768601227667156,0.6905576446699198,0.7783174162948964
85,OT-ICA,0.14464901770837457,0.29983504745106454,0.5555159348405609
85,FastICA,0.1362233498582481,0.30037913747660616,0.5633975126651456
85,Chol-min,0.013417765065296518,0.09535817405501215,0.06468193333488846
85,Chol-max,0.4182258967005413,0.660457733238152,0.7982086278185738
86,OT-ICA,0.1250998146895363,0.21502641587242555,0.6598737694380381
86,FastICA,0.13719143339109663,0.21221354527752262,0.6505950213313807
86,Chol-min,0.015683541603451964,0.06318309637993541,0.09056929357683309
86,Chol-max,0.43660725416538715,0.5967527108549412,0.8472362824728444
87,OT-ICA,0.1271393362739307,0.29659039149100297,0.5762702722350663
87,FastICA,0.1276213233259087,0.2958217253846369,0.5765569512894545
87,Chol-min,0.011453572673569397,0.07929453096856796,0.0821059886634945
87,Chol-max,0.4252509937757789,0.6277471561279069,0.8306408766167784
88,OT-ICA,0.14876286573491534,0.19341797662381555,0.6578191576412691
88,FastICA,0.1255781823278293,0.2034673134813064,0.6709545041908643
88,Chol-min,0.012493207710031297,0.06569850962258297,0.09247098975021409
88,Chol-max,0.4609407599229453,0.5948542848339644,0.846434934556826
89,OT-ICA,0.1159666639693809,0.26298855870272503,0.6210447773278941
89,FastICA,0.12196545666214557,0.2523049576467133,0.6257295856911411
89,Chol-min,0.00895826411510111,0.07198038125901421,0.09568591713028761
89,Chol-max,0.43081665021956617,0.6095500544093765,0.849602522713076
90,OT-ICA,0.10038701385616418,0.2674794850071577,0.6321335011366782
90,FastICA,0.0985321784084653,0.2676977725208346,0.6337700490707
90,Chol-min,0.0063054066306712335,0.06893939521636065,0.11441004889161689
90,Chol-max,0.4031898885047121,0.602454561204935,0.8676246920141643
91,OT-ICA,0.12655954779832815,0.246819821026371,0.6266206311753009
91,FastICA,0.12681509632790655,0.25782256025266154,0.6153623434194319
91,Chol-min,0.01444587210196412,0.07023842544101279,0.08951489951771927
91,Chol-max,0.44906537591244583,0.6017318440222363,0.8370179018718064
92,OT-ICA,0.09882243077288609,0.24000252930313215,0.6611750399239817
92,FastICA,0.11000978837920125,0.23312689352912042,0.6568633180916783
92,Chol-min,0.014334213634808921,0.05885488696720798,0.1010835071199658
92,Chol-max,0.44921190593685584,0.5867324410963863,0.856193174384807
93,OT-ICA,0.10910430131527472,0.18288910047661894,0.7080065982081064
93,FastICA,0.11620448836541303,0.19107938216534487,0.6927161294692421
93,Chol-min,0.010006002520984608,0.06091484271961183,0.1000947517752601
93,Chol-max,0.4156568918353529,0.5892891646908395,0.8678264136958278
94,OT-ICA,0.11505781430570279,0.2734463733513768,0.6114958123429204
94,FastICA,0.11045975911163079,0.27402391017537475,0.6155163307129944
94,Chol-min,0.0143216780763597,0.08768068925349251,0.08470857864013254
94,Chol-max,0.425570665495582,0.6336816324417281,0.8130947461324873
95,OT-ICA,0.12527944104159094,0.24022374554676174,0.6344968134116473
95,FastICA,0.11983450715919239,0.24882027994716624,0.6313452128936414
95,Chol-min,0.008151981999908835,0.08395287513700833,0.09243299601713999
95,Chol-max,0.41429228871393126,0.6360569345044146,0.8344654593140787
96,OT-ICA,0.11435779912220191,0.25008022845036365,0.6355619724274344
96,FastICA,0.11649754909954693,0.23522983526430452,0.6482726156361485
96,Chol-min,0.010911217001557474,0.058742006459931585,0.11555393579091713
96,Chol-max,0.4430822545596733,0.5809428614981662,0.8667306974391359
97,OT-ICA,0.10061263678628182,0.2294289310388396,0.6699584321748785
97,FastICA,0.10965313057026926,0.2274471368530409,0.6628997325766899
97,Chol-min,0.008017686379647353,0.0641371839196955,0.11799994786856889
97,Chol-max,0.40850490503301523,0.5930269856491447,0.8702918864629601
98,OT-ICA,0.09321486505291206,0.34853145975869226,0.5582536751883957
98,FastICA,0.10102291496495978,0.3492032930937116,0.5497737919413286
98,Chol-min,0.0039202257776620566,0.10071260002876627,0.08245024760024293
98,Chol-max,0.3836891300781066,0.6695940891100065,0.8247015222785212
99,OT-ICA,0.11441465128589856,0.28486272187473155,0.6007226268393698
99,FastICA,0.11015907601229286,0.287327489516246,0.6025134344714612
99,Chol-min,0.011341951136743056,0.08381471727273304,0.07835840803903789
99,Chol-max,0.41693267825512115,0.633258056844717,0.8253051410109635
100,OT-ICA,0.146682202230023,0.21592137672676917,0.6373964210432078
100,FastICA,0.13453087925753604,0.21599391991889305,0.6494752008235709
100,Chol-min,0.022166620037034086,0.05936437134355746,0.0789648266995008
100,Chol-max,0.4493830033969414,0.5690308883161223,0.8413329537589279
101,OT-ICA,0.12278839991777124,0.25419659568618164,0.6230150043960471
101,FastICA,0.12623229707077713,0.2480401841755009,0.625727518753722
101,Chol-min,0.012668402533062775,0.049813824881299665,0.11583224715559533
101,Chol-max,0.4273836290597787,0.5734699934095945,0.8787931342876479
102,OT-ICA,0.11121425712134964,0.32353126322734926,0.5652544796513012
102,FastICA,0.11478974015815314,0.3096109343714471,0.5755993254703998
102,Chol-min,0.0048238041106688796,0.10425349273830771,0.07641029081265713
102,Chol-max,0.40061753380120163,0.6607172417011299,0.8148566018934944
103,OT-ICA,0.13878853233765884,0.3464063079671899,0.5148051596951512
103,FastICA,0.14781930557330877,0.36441133496841943,0.4877693594582718
103,Chol-min,0.01658189713602357,0.09240303662279323,0.06974971040344283
103,Chol-max,0.4027975435736197,0.6455464065187346,0.8032707898942976
104,OT-ICA,0.1346612615794251,0.22537501634992863,0.6399637220706462
104,FastICA,0.12246738741017518,0.24039638084547388,0.637136231744351
104,Chol-min,0.017067308437974948,0.059508450230206955,0.1073525506507756
104,Chol-max,0.4686867127974437,0.552095589929218,0.8532044003109889
105,OT-ICA,0.14408248182444738,0.21314075590797424,0.6427767622675784
105,FastICA,0.14095541058702704,0.2100599008424137,0.6489846885705594
105,Chol-min,0.018038695765377123,0.04558874220340728,0.12165992714400649
105,Chol-max,0.4607797395419162,0.5458717175377565,0.8736249206020007
106,OT-ICA,0.1295866072265043,0.20703904839280002,0.6633743443806958
106,FastICA,0.12511810524763262,0.2030108528487268,0.6718710419036406
106,Chol-min,0.013564766954189986,0.055712783459221094,0.10499819715227941
106,Chol-max,0.4641896658316141,0.5738237276297578,0.8619184534626255
107,OT-ICA,0.10445508681287452,0.23440959627338265,0.6611353169137428
107,FastICA,0.10091679801001305,0.23958465574966584,0.6594985462403211
107,Chol-min,0.012928305293929028,0.07998609306438871,0.09845090721982529
107,Chol-max,0.44751643762725385,0.6075082767589342,0.8278203635368587
108,OT-ICA,0.13455482766222676,0.20653585723171908,0.6589093151060541
108,FastICA,0.1290989015090803,0.20643679961809697,0.6644642988728228
108,Chol-min,0.021814981142794555,0.04827243707984766,0.1029466809724258
108,Chol-max,0.46980656728646286,0.5611535562151125,0.8576120125032651
109,OT-ICA,0.10927602175094997,0.3089960324128534,0.5817279458361967
109,FastICA,0.10598673353697717,0.3095066956169199,0.5845065708461029
109,Chol-min,0.009055847520952981,0.09385193891631377,0.07042491533509597
109,Chol-max,0.41415551286682806,0.6666700893052934,0.8108474989913687
110,OT-ICA,0.10955344117191981,0.24201974299052872,0.6484268158375515
110,FastICA,0.11495707777620315,0.24491438454135095,0.6401285376824458
110,Chol-min,0.013671964159019999,0.07398424803500363,0.08532544402762104
110,Chol-max,0.42623637685818766,0.5961523885716404,0.8387284016462625
111,OT-ICA,0.12910425888955934,0.22486605492234277,0.6460296861880979
111,FastICA,0.12940135025952093,0.23877116537441254,0.6318274843660665
111,Chol-min,0.01476341604824427,0.054306212124134376,0.11895504196388365
111,Chol-max,0.4404325325770482,0.5637430426238861,0.8682347655455629
112,OT-ICA,0.14204118476981956,0.17906784682342383,0.6788909684067567
112,FastICA,0.13255663267695775,0.20651527131012445,0.6609280960129178
112,Chol-min,0.012955914744651603,0.058193793444261885,0.11054710139297982
112,Chol-max,0.4459259479474426,0.5772385463828928,0.8628944200565687
113,OT-ICA,0.1142365952076825,0.26508112117943206,0.6206822836128855
113,FastICA,0.11488182584978954,0.23693559350299545,0.648182580647215
113,Chol-min,0.015308471756985093,0.06779424818221505,0.09921275092123685
113,Chol-max,0.42751397172642014,0.6073546740803993,0.8427506940121091
114,OT-ICA,0.10201541154945586,0.2428292788839863,0.6551553095665579
114,FastICA,0.11056385907889385,0.22740299376997386,0.6620331471511323
114,Chol-min,0.008939114685883565,0.06749023405009077,0.0885322476500947
114,Chol-max,0.41877362431899146,0.6036932406541334,0.8576414418308345
115,OT-ICA,0.13831915232983463,0.36927660846903526,0.49240423920113
115,FastICA,0.14196637687813177,0.36598033523890133,0.4920532878829669
115,Chol-min,0.01073040219362893,0.11196204261845566,0.053602855952424845
115,Chol-max,0.4143292133834122,0.6705009012250325,0.780034215921561
116,OT-ICA,0.11712083614185088,0.25533452210895036,0.6275446417491988
116,FastICA,0.11563675462092574,0.2544394240341966,0.6299238213448777
116,Chol-min,0.011142729421997458,0.06748452732371447,0.09509797196431455
116,Chol-max,0.42326010581040346,0.5882453741601903,0.8552904317709218
117,OT-ICA,0.15612791481733804,0.2711690842946901,0.5727030008879719
117,FastICA,0.14764591744786687,0.2757338066206,0.5766202759315332
117,Chol-min,0.01216954719242641,0.08373160206376593,0.0821986234280081
117,Chol-max,0.4221361766495743,0.6102484061358564,0.8274852551932548
118,OT-ICA,0.12634347184198114,0.24303541118552202,0.6306211169724969
118,FastICA,0.12306375811965138,0.23835875527047218,0.6385774866098763
118,Chol-min,0.00894098330205681,0.06146816621005848,0.11968834910651142
118,Chol-max,0.41446753340978365,0.5876741782033862,0.8715281503852798
119,OT-ICA,0.1164123247233628,0.24124141451514444,0.6423462607614927
119,FastICA,0.12681409449420958,0.2441884242107805,0.62899748129501
119,Chol-min,0.0142553113128743,0.06375886852290807,0.09767006370195216
119,Chol-max,0.4256305952333903,0.5873851305297659,0.8537436108842141
120,OT-ICA,0.1282615015217825,0.1817490007387569,0.6899894977394606
120,FastICA,0.12489566401578303,0.17069871313062188,0.7044056228535951
120,Chol-min,0.019941796426844193,0.042048451124095824,0.12004641745665065
120,Chol-max,0.47102867696785206,0.5481342571503122,0.8730256953385281
121,OT-ICA,0.1381360169517173,0.2003624292228141,0.6615015538254686
121,FastICA,0.14172656324399377,0.18665976468581863,0.6716136720701877
121,Chol-min,0.023186242858373653,0.05971059807869814,0.08622134129710884
121,Chol-max,0.4606650036851187,0.5837105132856063,0.8352861485864779
122,OT-ICA,0.14918240100591856,0.25545761982858195,0.5953599791654994
122,FastICA,0.14786138735565574,0.2430914396831341,0.6090471729612102
122,Chol-min,0.014712210952656247,0.05636557503394741,0.09592713651933651
122,Chol-max,0.45834548445070894,0.600917597307206,0.8541228709465047
123,OT-ICA,0.14750476964211492,0.2380820923806376,0.6144131379772475
123,FastICA,0.13234479696494753,0.253430630617588,0.6142245724174644
123,Chol-min,0.02767765863510214,0.05796734401977973,0.08910366112002267
123,Chol-max,0.4701344537909696,0.5770233423703099,0.8298066069158173
124,OT-ICA,0.10571939896801719,0.23627919095945066,0.6580014100725322
124,FastICA,0.1085971847645493,0.24244864123331689,0.6489541740021337
124,Chol-min,0.010643045538277253,0.06059626493833097,0.11920435485079353
124,Chol-max,0.41087210137407976,0.5935778879408717,0.8685647424296842
125,OT-ICA,0.10381464666252586,0.2352031869383969,0.6609821663990773
125,FastICA,0.10635985065503474,0.23704841434105803,0.6565917350039073
125,Chol-min,0.011416736650400912,0.04479726677832183,0.12222108701145826
125,Chol-max,0.4483865801723175,0.5696485726617629,0.8859781070901348
126,OT-ICA,0.177787573952105,0.22322898447849848,0.5989834415693964
126,FastICA,0.1816769638942267,0.2344629262530339,0.5838601098527395
126,Chol-min,0.022702583880478407,0.056173803706742895,0.07905602413392626
126,Chol-max,0.46867956429920254,0.5865212555689769,0.8377086153095402
127,OT-ICA,0.1060393078064142,0.23395057740196543,0.6600101147916204
127,FastICA,0.1026257975274111,0.23765504848280192,0.659719153989787
127,Chol-min,0.012622937568592403,0.05938410033470141,0.09485320315375784
127,Chol-max,0.43006654937845856,0.6054458450507294,0.858649809521407
128,OT-ICA,0.1377123006278597,0.23763844809254905,0.6246492512795913
128,FastICA,0.13004211588010323,0.24289244859156842,0.6270654355283284
128,Chol-min,0.012209758331933995,0.06758781753509982,0.0970555003189305
128,Chol-max,0.452099952105024,0.6012411090875451,0.84554151290928
129,OT-ICA,0.09887272047093253,0.18672753511568763,0.7143997444133798
129,FastICA,0.09331958720379156,0.1885891793717289,0.7180912334244796
129,Chol-min,0.010121188314258003,0.05675467727059795,0.12702110777979397
129,Chol-max,0.4420925757804357,0.5680224389908746,0.8740031534084812
130,OT-ICA,0.15182627389821404,0.2617986892417053,0.5863750368600807
130,FastICA,0.1493978508285374,0.2681930705240691,0.5824090786473934
130,Chol-min,0.018752099012360725,0.06821893800012481,0.07312158378904067
130,Chol-max,0.4604014770339398,0.5986418594856856,0.8270457300474329
131,OT-ICA,0.10379317203253695,0.2609928011891502,0.6352140267783128
131,FastICA,0.09592347673270435,0.2650377001840076,0.6390388230832881
131,Chol-min,0.0066495880534176936,0.09663062176095878,0.08006700498379594
131,Chol-max,0.413719815818773,0.6388611496490505,0.8208083164404986
132,OT-ICA,0.1306925005032643,0.23879460759301255,0.6305128919037232
132,FastICA,0.12445139757342047,0.2392921786965685,0.636256423730011
132,Chol-min,0.00865682733534186,0.09079940890462274,0.09052873218743669
132,Chol-max,0.41057889575841433,0.6490284146393882,0.8227466439829685
133,OT-ICA,0.13114645899402877,0.3311503711779352,0.537703169828036
133,FastICA,0.12518503220967298,0.3401678986571444,0.5346470691331826
133,Chol-min,0.01298287401624635,0.09961127790503523,0.06316970866478583
133,Chol-max,0.41862603794572084,0.6457721445489442,0.7965971688032266
134,OT-ICA,0.07616950732208944,0.28150424579541905,0.6423262468824915
134,FastICA,0.07351262530819794,0.2674412711252597,0.6590461035665423
134,Chol-min,0.004904646294417981,0.07106003377990898,0.12088639230412349
134,Chol-max,0.39168779084008787,0.6015546549362731,0.8711526929271735
135,OT-ICA,0.15369875654248483,0.2820942581623843,0.5642069852951309
135,FastICA,0.1491231283469082,0.3010653429996851,0.5498115286534067
135,Chol-min,0.014520015038589676,0.08267881484723498,0.07167881913353114
135,Chol-max,0.4190296658853339,0.6260875722095042,0.8198444652608025
136,OT-ICA,0.13212513296796913,0.24494779886216433,0.6229270681698665
136,FastICA,0.12964921790409797,0.24146103369575808,0.628889748400144
136,Chol-min,0.01421592883426077,0.0689663377549046,0.08368009431265251
136,Chol-max,0.43199869201804686,0.5914094625809759,0.8434909397377857
137,OT-ICA,0.10927144188626417,0.2461122402197072,0.6446163178940286
137,FastICA,0.1223429365285425,0.24380926836284525,0.6338477951086122
137,Chol-min,0.01623341530166085,0.051277645194829136,0.1058622984636958
137,Chol-max,0.45367816956672097,0.5811904574782696,0.8633472541245161
138,OT-ICA,0.09700062759989633,0.2489471186794745,0.6540522537206291
138,FastICA,0.1036963500643979,0.2580219543429265,0.6382816955926756
138,Chol-min,0.006423821138192222,0.08102843932222864,0.09819075947538326
138,Chol-max,0.40354110596139164,0.623817932094174,0.8473708040419782
139,OT-ICA,0.127293568985769,0.21158171195863112,0.6611247190555999
139,FastICA,0.11637380391863944,0.21178810423934485,0.6718380918420158
139,Chol-min,0.021727478633988797,0.043314533279525634,0.10111754933448701
139,Chol-max,0.467672799426204,0.5613545030643969,0.8649730251890217
140,OT-ICA,0.10904583633743106,0.25343506455104386,0.637519099111525
140,FastICA,0.10751648880898251,0.2405517840839292,0.6519317271070884
140,Chol-min,0.007610204796192193,0.06671435490242465,0.10494713995298359
140,Chol-max,0.41273939697824097,0.6085871666153885,0.8638715377037884
141,OT-ICA,0.12264482246815739,0.24822407659139364,0.6291311009404489
141,FastICA,0.1399665247102749,0.24391823939742713,0.616115235892298
141,Chol-min,0.014093539871230031,0.07444322904300826,0.08330204240554376
141,Chol-max,0.4410449721898233,0.6223994500912082,0.8291384524538467
142,OT-ICA,0.10034804131034339,0.2868099468242939,0.6128420118653628
142,FastICA,0.10189485142568351,0.30477416711774036,0.593330981456576
142,Chol-min,0.003116888471640256,0.11644008562271468,0.06820013838529086
142,Chol-max,0.37276069722824984,0.7053180371055713,0.8020308434897403
143,OT-ICA,0.1429883327437324,0.28050612463179425,0.5765055426244733
143,FastICA,0.15042590749077614,0.2796812870478013,0.5698928054614225
143,Chol-min,0.017987516147563776,0.06333680415764595,0.07270014869867669
143,Chol-max,0.4532723882464321,0.5995407043450494,0.8361319019372189
144,OT-ICA,0.12855620969305387,0.22592084935105652,0.6455229409558896
144,FastICA,0.12493086418309708,0.22123886378070434,0.6538302720361986
144,Chol-min,0.0077064093477967445,0.07080995024094765,0.09539494722362628
144,Chol-max,0.4124076328903439,0.6203391475853214,0.8556237715193497
145,OT-ICA,0.1379867120815151,0.2004603792761235,0.6615529086423614
145,FastICA,0.12869059285450904,0.21662872492542432,0.6546806822200666
145,Chol-min,0.008715486922181225,0.07919609462909047,0.09857356977878513
145,Chol-max,0.4297702806375782,0.6156711343739952,0.8404135409815816
146,OT-ICA,0.1180816420243734,0.29941128486692054,0.5825070731087061
146,FastICA,0.13652654699396044,0.295204551966429,0.5682689010396106
146,Chol-min,0.017837128673500322,0.09519365805157017,0.059643656685012036
146,Chol-max,0.44448535816487456,0.6397241664927171,0.7865328370597915
147,OT-ICA,0.13315577033819756,0.24840125227481963,0.6184429773869827
147,FastICA,0.12809663321770737,0.23612186297061072,0.635781503811682
147,Chol-min,0.017104215224164422,0.0695010428527155,0.0794753671672154
147,Chol-max,0.4415203400571691,0.614170090828222,0.8304863652178603
148,OT-ICA,0.10091807889251936,0.22637934516757263,0.672702575939908
148,FastICA,0.10850355377900674,0.21535636005155445,0.6761400861694389
148,Chol-min,0.011246397838618655,0.05825990829113434,0.10895307535462784
148,Chol-max,0.4209935518195324,0.5819144502261907,0.8697094708724307
149,OT-ICA,0.11972137868236077,0.22831206472953264,0.6519665565881065
149,FastICA,0.12417877663292598,0.21987207729504368,0.6559491460720303
149,Chol-min,0.018496502564944433,0.04782248746731638,0.10810714835236859
149,Chol-max,0.45942653738567657,0.5792538590016513,0.863397561391862
150,OT-ICA,0.15472209259727046,0.2152456085483858,0.6300322988543439
150,FastICA,0.1507279427475898,0.2143111287126416,0.6349609285397686
150,Chol-min,0.012500827079189853,0.06640111469798834,0.10405080716750743
150,Chol-max,0.4394581201535038,0.5918379884184091,0.8511865838357902
151,OT-ICA,0.14110504792000103,0.2082257179741447,0.6506692341058542
151,FastICA,0.14219311112195734,0.20785171723917617,0.6499551716388665
151,Chol-min,0.01660460653939721,0.07452287189887083,0.09011107617835087
151,Chol-max,0.4218581278984143,0.6185287840029946,0.8296965263562536
152,OT-ICA,0.12917770688538566,0.23106279842139946,0.6397594946932148
152,FastICA,0.13106276992658827,0.22267747965726015,0.6462597504161515
152,Chol-min,0.008956098770393325,0.05340601851298495,0.12223998579954806
152,Chol-max,0.43849149431951745,0.5805155039388644,0.879507541514404
153,OT-ICA,0.16510795751120583,0.2518384533490562,0.583053589139738
153,FastICA,0.17073856334070162,0.24616277034381756,0.5830986663154808
153,Chol-min,0.01726509658007706,0.06731456844985234,0.07841660974360114
153,Chol-max,0.458520270868573,0.6042889694365917,0.8312802034101437
154,OT-ICA,0.1558501256938393,0.19569175077134734,0.6484581235348134
154,FastICA,0.17386353516687383,0.1824157849676027,0.6437206798655235
154,Chol-min,0.02161438296791687,0.04586960308234966,0.09691838829859407
154,Chol-max,0.48381270226801754,0.5679325418511894,0.8570094776783527
155,OT-ICA,0.10623138307865054,0.2966373142735538,0.5971313026477957
155,FastICA,0.1110744428340857,0.2795987332003059,0.6093268239656084
155,Chol-min,0.009776414622264158,0.09601159266779688,0.07198972808336584
155,Chol-max,0.42106056031316097,0.6413928068422555,0.810292545545483
156,OT-ICA,0.09447960712802378,0.29572734014272395,0.6097930527292523
156,FastICA,0.08859872438491345,0.30863014758831153,0.602771128026775
156,Chol-min,0.010260971515165003,0.07500727238960953,0.09950445385770476
156,Chol-max,0.4226426350997597,0.6231657326639902,0.8421623599983289
157,OT-ICA,0.10317261462633161,0.1827846937035573,0.714042691670111
157,FastICA,0.10218264548535498,0.2023098289331375,0.6955075255815075
157,Chol-min,0.009377889949250597,0.053335403229508464,0.11500078835388951
157,Chol-max,0.4385794268104408,0.5772014931644411,0.8786595222137131
158,OT-ICA,0.113100827175142,0.2123344971872164,0.6745646756376417
158,FastICA,0.10199711314498157,0.21907664365221724,0.6789262432028011
158,Chol-min,0.015737988108844445,0.05902534228804422,0.10126431914301211
158,Chol-max,0.44688423214051315,0.5856250409877861,0.853828994094001
159,OT-ICA,0.1418604649801995,0.24419079963194754,0.6139487353878529
159,FastICA,0.14215134300283236,0.24817965804723327,0.6096689989499344
159,Chol-min,0.015853842042369202,0.060508308281119985,0.0916198100316581
159,Chol-max,0.43750961667940264,0.5862845196339259,0.8522054230399522
160,OT-ICA,0.10188458131717809,0.23715132350304644,0.6609640951797755
160,FastICA,0.10005211190672718,0.23352241675373916,0.6664254713395336
160,Chol-min,0.015057855635587246,0.06039899823027495,0.10211236096327551
160,Chol-max,0.4236030635513744,0.5945539042364679,0.8561822246131756
161,OT-ICA,0.10510527929450136,0.23315577564949,0.6617389450560086
161,FastICA,0.10023045640214474,0.22498914469262418,0.6747803989052311
161,Chol-min,0.009259140404393422,0.07434519917777406,0.10503775111507704
161,Chol-max,0.4053916620984568,0.6070993774623255,0.8518492897419322
162,OT-ICA,0.14612106980600842,0.24804569647188054,0.605833233722111
162,FastICA,0.15238119893725638,0.21495942616022268,0.6326593749025209
162,Chol-min,0.006746346101466374,0.0653142957359233,0.1076739086043313
162,Chol-max,0.4209806001297404,0.6049590834789769,0.8672913907604972
163,OT-ICA,0.10343666187640643,0.24268257577919003,0.6538807623444035
163,FastICA,0.09832040574039684,0.2471437810313152,0.6545358132282879
163,Chol-min,0.0077480492542620774,0.07354233604719378,0.10564134680311811
163,Chol-max,0.4149842136854896,0.6034576609052973,0.8553650198675816
164,OT-ICA,0.12029644694890389,0.3100070540908352,0.569696498960261
164,FastICA,0.1212855591885704,0.31060190130655313,0.5681125395048765
164,Chol-min,0.011966870173008176,0.0882059261436006,0.06963724107238622
164,Chol-max,0.41954951534540724,0.6480709706492368,0.8134969424831842
165,OT-ICA,0.0863881551717371,0.3095507374848638,0.6040611073433991
165,FastICA,0.0825993700417005,0.2972390692449366,0.6201615607133629
165,Chol-min,0.006040514978026376,0.09664045174724861,0.08191654160458085
165,Chol-max,0.37845202194408273,0.6828655643930222,0.8217692161771689
166,OT-ICA,0.10915577314931045,0.20459791990599707,0.6862463069446925
166,FastICA,0.10063490972950238,0.20721654312778384,0.6921485471427138
166,Chol-min,0.010863771877007518,0.04354438858172855,0.12970166800359278
166,Chol-max,0.4462194651260259,0.5696128239181008,0.8896526810568236
167,OT-ICA,0.1304169131317885,0.20448250825955192,0.6651005786086596
167,FastICA,0.1262908548704415,0.2029699198366063,0.6707392252929522
167,Chol-min,0.01682043824534347,0.049912069838368184,0.11193965298806269
167,Chol-max,0.4572785912842068,0.5518609485114557,0.8688613581532859
168,OT-ICA,0.12005583335001636,0.22052810341872003,0.6594160632312637
168,FastICA,0.11567516449393188,0.2225592445743688,0.6617655909316994
168,Chol-min,0.01472310559791118,0.059949534208376835,0.10503394871668134
168,Chol-max,0.44079075876637636,0.588080801408749,0.8556213963787797
169,OT-ICA,0.12696482744376122,0.247456875734326,0.6255782968219129
169,FastICA,0.1169401078643929,0.24153142624080234,0.6415284658948047
169,Chol-min,0.009415047790119788,0.07364714933017036,0.09379848903703725
169,Chol-max,0.41827135646046154,0.614820665451686,0.8475861126102515
170,OT-ICA,0.0691002255872482,0.24463588208434275,0.6862638923284091
170,FastICA,0.06760490901742139,0.2393614605972491,0.6930336303853295
170,Chol-min,0.008584312422175373,0.056331632852951015,0.12121583505737837
170,Chol-max,0.4206088902028968,0.5813179128141709,0.8790985788970169
171,OT-ICA,0.13197521821735797,0.2472533610450362,0.6207714207376058
171,FastICA,0.13314600908717944,0.24438179445537028,0.6224721964574502
171,Chol-min,0.01319861906207994,0.05704825087041421,0.09693902781243195
171,Chol-max,0.4478154122089612,0.5857739883010723,0.8609214585619671
172,OT-ICA,0.12451387178727552,0.23964197206647603,0.6358441561462485
172,FastICA,0.12707732463473204,0.24616944888729309,0.6267532264779748
172,Chol-min,0.005922388468453596,0.06667392433112412,0.10669610500746156
172,Chol-max,0.4101980286549217,0.60303290608843,0.8696898623561788
173,OT-ICA,0.15936563096056192,0.23840902812127407,0.602225340918164
173,FastICA,0.1548458507909437,0.2424003695546939,0.6027537796543624
173,Chol-min,0.01434573407024923,0.0759025954225666,0.08049634529747325
173,Chol-max,0.4383946341223478,0.6099630288845757,0.8292808856347929
174,OT-ICA,0.0922237042775841,0.21371813307647722,0.6940581626459387
174,FastICA,0.10146223397328867,0.2191716090455125,0.6793661569811988
174,Chol-min,0.017839985390171977,0.03835346102653512,0.12358981110942058
174,Chol-max,0.4522454964553244,0.5504366420276458,0.8850311687389283
175,OT-ICA,0.07923757448637228,0.2965566262323193,0.6242057992813084
175,FastICA,0.08291895485433597,0.3140309373465924,0.6030501077990716
175,Chol-min,0.007424876236646661,0.1028674833088922,0.0766765300109278
175,Chol-max,0.4028918323092841,0.6606356678757731,0.8086740797349686
176,OT-ICA,0.13239535369659466,0.2479379065557431,0.6196667397476623
176,FastICA,0.13600346375658418,0.2474434355195878,0.616553100723828
176,Chol-min,0.017043467499841397,0.061476788458919615,0.08908823990837159
176,Chol-max,0.4603343134288714,0.579313125098276,0.8453154480585718
177,OT-ICA,0.11191214728101394,0.26058434956196797,0.6275035031570181
177,FastICA,0.12701035801784213,0.24426883709200695,0.6287208048901508
177,Chol-min,0.0076045205491625046,0.08409076898003798,0.0813669698307453
177,Chol-max,0.40088975057576626,0.6352890020405532,0.8370084940930774
178,OT-ICA,0.08461191140934786,0.27945440408077066,0.6359336845098814
178,FastICA,0.09496917859435672,0.26675598977755566,0.6382748316280877
178,Chol-min,0.0039397914021793885,0.09743001204025019,0.0868435378637172
178,Chol-max,0.38191371252650486,0.6635319384715577,0.8305982077002771
179,OT-ICA,0.12365889050043506,0.2633213645834442,0.6130197449161208
179,FastICA,0.12719422362043184,0.2484300612426922,0.624375715136876
179,Chol-min,0.016417355362824033,0.06290011472889989,0.1048122651034357
179,Chol-max,0.46310735258941943,0.5951179783696827,0.8427055252580956
180,OT-ICA,0.12650154576486455,0.28480972332986976,0.5886887309052657
180,FastICA,0.12622372542020724,0.2897944406833769,0.583981833896416
180,Chol-min,0.015433471616162204,0.07229924417141939,0.07935723514917743
180,Chol-max,0.4561324511143412,0.6132341825051084,0.8272571735895667
181,OT-ICA,0.13041402041055236,0.2864324804911719,0.5831534990982756
181,FastICA,0.1327859993655134,0.2788901996303218,0.5883238010041647
181,Chol-min,0.01588241573838636,0.07453063866385222,0.083790415794935
181,Chol-max,0.4322353163753283,0.6028043676358718,0.8310784147685787
182,OT-ICA,0.13379279092949142,0.30708079745465494,0.5591264116158536
182,FastICA,0.13804620266416456,0.2871395260724831,0.5748142712633524
182,Chol-min,0.00956222637135973,0.09743435688731666,0.07758806754472146
182,Chol-max,0.42671356193145815,0.6443914646973005,0.808150245880545
183,OT-ICA,0.14950918962299428,0.3181980409632267,0.532292769413779
183,FastICA,0.14900642451658488,0.30035077407025335,0.5506428014131617
183,Chol-min,0.012565628225083036,0.10470678725290526,0.04776525960671158
183,Chol-max,0.4302589332320573,0.6507177049334041,0.7833777122899251
184,OT-ICA,0.10042331224855763,0.29535041405496487,0.6042262736964774
184,FastICA,0.09534023419871827,0.29535052420330893,0.6093092415979728
184,Chol-min,0.008988759566917578,0.08322280907498915,0.0844689025296673
184,Chol-max,0.4137711069895738,0.6317105424599297,0.8332634975902398
185,OT-ICA,0.12435773891155262,0.17453685275430594,0.7011054083341415
185,FastICA,0.14220717748731013,0.15815369834060042,0.6996391241720895
185,Chol-min,0.02448502795401933,0.02947763410141859,0.13677153745699352
185,Chol-max,0.4746036866334629,0.5280207353740155,0.8874759237123949
186,OT-ICA,0.13327977947687247,0.19397107447650783,0.6727491460466197
186,FastICA,0.13146549805628321,0.19316311803814046,0.6753713839055763
186,Chol-min,0.015203615923794591,0.061412588902396925,0.09618165697353247
186,Chol-max,0.46226787734578767,0.591730567497765,0.8471899633485235
187,OT-ICA,0.08941523977720787,0.18120402537039834,0.7293807348523939
187,FastICA,0.08759781465516016,0.1780832022194534,0.7343189831253863
187,Chol-min,0.011705107003854827,0.041798330219174964,0.1154685335951372
187,Chol-max,0.4385020151474347,0.5570619889170788,0.8923633145572406
188,OT-ICA,0.10362030305893868,0.23790457136573046,0.6584751255753308
188,FastICA,0.09401467595131698,0.2270223487056044,0.6789629753430786
188,Chol-min,0.008688486654701882,0.056367226526644144,0.11533711381543309
188,Chol-max,0.41697609011618647,0.5826107078765989,0.8787997775821886
189,OT-ICA,0.09437168486312858,0.23726814012846864,0.6683601750084027
189,FastICA,0.10004267135900452,0.24199811408745314,0.6579592145535423
189,Chol-min,0.0074877923908295615,0.05972383884385291,0.11186288955413881
189,Chol-max,0.41965790666371133,0.607290383737796,0.8728934733129013
190,OT-ICA,0.1268195068095574,0.2342827512498492,0.6388977419405935
190,FastICA,0.12091707040855504,0.2313586808238485,0.6477242487675965
190,Chol-min,0.010015947045296394,0.057486421023544336,0.11545270384100911
190,Chol-max,0.4349735621487382,0.5906500152587072,0.8701788130197177
191,OT-ICA,0.1068761016165725,0.22777901923393915,0.6653448791494884
191,FastICA,0.1125587640179714,0.22824530441460086,0.6591959315674277
191,Chol-min,0.007919734232421535,0.07613905635400964,0.09689585752430128
191,Chol-max,0.41319388541819224,0.6406520688511459,0.8447947712144984
192,OT-ICA,0.11978596542820592,0.2025839488649418,0.6776300857068522
192,FastICA,0.12174648247016556,0.2005310225457216,0.6777224949841129
192,Chol-min,0.007087202694425096,0.06672209240170636,0.10422706083424671
192,Chol-max,0.4109284402195902,0.6061931899261348,0.8657799832290367
193,OT-ICA,0.07843990671992915,0.25021995163444144,0.6713401416456294
193,FastICA,0.0755633971837482,0.2504176472858801,0.6740189555303717
193,Chol-min,0.004572793166351643,0.08375012300245134,0.09932532584534162
193,Chol-max,0.3889748018894713,0.6483411963902904,0.8479274691393911
194,OT-ICA,0.13885281776351288,0.2344778899612553,0.6266692922752318
194,FastICA,0.13486479318476163,0.21995411720147612,0.6451810896137623
194,Chol-min,0.016005666757521665,0.056884037141544816,0.10863302534886286
194,Chol-max,0.4326211102033324,0.5724361691048357,0.8616547674840634
195,OT-ICA,0.13800689665032365,0.24367253637831268,0.6183205669713637
195,FastICA,0.12552207900868323,0.2421835764550351,0.6322943445362816
195,Chol-min,0.01630586923996799,0.04887215915978999,0.09847088125016598
195,Chol-max,0.45137375114531747,0.5758148684979545,0.867129180934109
196,OT-ICA,0.10752351029816389,0.20464512317976424,0.6878313665220718
196,FastICA,0.10855246650605646,0.20452482298789507,0.6869227105060485
196,Chol-min,0.014702190741231413,0.050044292038622935,0.09762415872342996
196,Chol-max,0.451692183411659,0.5836798874598554,0.867200450880047
197,OT-ICA,0.10167816386242184,0.3167645522388724,0.5815572838987058
197,FastICA,0.0962799325436347,0.2930432192620181,0.6106768481943471
197,Chol-min,0.007045160196402146,0.08953457293618426,0.08491581959481286
197,Chol-max,0.3941635610321628,0.6527314222578231,0.8304563300731808
198,OT-ICA,0.1301437959416301,0.21903079817310508,0.6508254058852647
198,FastICA,0.12962133467268783,0.20712384531454492,0.6632548200127671
198,Chol-min,0.01264639978513405,0.059226025749718615,0.10800129157710182
198,Chol-max,0.4362721378348156,0.5934300839292721,0.8609432975832648
199,OT-ICA,0.13750038349243918,0.31208247035293524,0.5504171461546257
199,FastICA,0.13497493659447363,0.28552951403648646,0.5794955493690399
199,Chol-min,0.006448802594150901,0.09543533330563449,0.08115942926856039
199,Chol-max,0.3935304871551096,0.6658169364046975,0.8220081977679652
200,OT-ICA,0.14209341537344525,0.24223300641059992,0.6156735782159548
200,FastICA,0.1395175861620339,0.24250979197389572,0.6179726218640703
200,Chol-min,0.013354677005545356,0.08571475514728619,0.07690288664207719
200,Chol-max,0.4438254511881749,0.6214213287939915,0.814997632196403
201,OT-ICA,0.11497665393145201,0.3020621782875256,0.5829611677810225
201,FastICA,0.10659484353438455,0.3061915493675591,0.5872136070980564
201,Chol-min,0.003907226988847721,0.10783234017375602,0.07292899706213403
201,Chol-max,0.375126187163944,0.6845091454337867,0.8137857079713737
202,OT-ICA,0.09662027563158429,0.25510149827771217,0.6482782260907035
202,FastICA,0.10264013962393993,0.24208137974817315,0.655278480627887
202,Chol-min,0.004473258691032464,0.07987373047807009,0.10055156405758307
202,Chol-max,0.39663434658567204,0.6310591334545028,0.8546185481899332
203,OT-ICA,0.13417350197884728,0.23419013457698246,0.6316363634441702
203,FastICA,0.13038872050114125,0.22565524154317407,0.6439560379556847
203,Chol-min,0.008893491469169837,0.06671925271817494,0.10688987503460703
203,Chol-max,0.4179299350195527,0.5863865094759982,0.8636131974821668
204,OT-ICA,0.11846922723884352,0.27021767311921846,0.611313099641938
204,FastICA,0.12328523189340942,0.2606069317531312,0.6161078363534593
204,Chol-min,0.02105715371324256,0.06557210830368204,0.08364922763719808
204,Chol-max,0.4706336710625447,0.5877910827822072,0.8280154503266427
205,OT-ICA,0.13108353021611138,0.22915323056572331,0.6397632392181654
205,FastICA,0.1260242741831422,0.2298585174699297,0.6441172083469281
205,Chol-min,0.019128701287547362,0.05289527417454388,0.09619583981196492
205,Chol-max,0.4642003396365392,0.5775067784422379,0.8534537200661615
206,OT-ICA,0.1434550962537787,0.29391335311604083,0.5626315506301804
206,FastICA,0.13004849550626785,0.31612571115846405,0.553825793335268
206,Chol-min,0.01735471250970037,0.0856200536887645,0.06205310186796263
206,Chol-max,0.43382748271491006,0.6281818675524142,0.8049419882616946
207,OT-ICA,0.11180425966942942,0.22122067186996733,0.6669750684606033
207,FastICA,0.10994422205844394,0.22488238341594,0.6651733945256161
207,Chol-min,0.015839795195075893,0.046533885403598034,0.10595332941891546
207,Chol-max,0.4577568579306536,0.5635928578844684,0.872887984934796
208,OT-ICA,0.11177486872855825,0.29187801342446534,0.5963471178469764
208,FastICA,0.10454678390696617,0.27098672880306934,0.6244664872899645
208,Chol-min,0.00953874245635675,0.07767387475924084,0.08288380951374319
208,Chol-max,0.4247135183219292,0.6234860677730909,0.8380627190117924
209,OT-ICA,0.1182897956110993,0.2598640583932422,0.6218461459956585
209,FastICA,0.11706773083128594,0.26524105833906214,0.617691210829652
209,Chol-min,0.008952521963419068,0.08500902435450355,0.09030913560218201
209,Chol-max,0.4162436983339423,0.62955734612555,0.8317656058321813
210,OT-ICA,0.11355784440809233,0.20650282125688493,0.6799393343350226
210,FastICA,0.11556498970101017,0.2121170661871995,0.6723179441117902
210,Chol-min,0.011586925988481404,0.05159605873144074,0.11959927620085287
210,Chol-max,0.43404307281311566,0.5693220717393478,0.878407199442526
211,OT-ICA,0.10024949395591723,0.2100185393776084,0.6897319666664744
211,FastICA,0.09174186406741569,0.20471738208659107,0.7035407538459932
211,Chol-min,0.008984410065795893,0.06095297666098849,0.11300609470727972
211,Chol-max,0.41190005189593665,0.5944795742488856,0.8710276419416904
212,OT-ICA,0.13532899289583333,0.27112953891996383,0.5935414681842028
212,FastICA,0.13800443044073823,0.2801129056997328,0.5818826638595289
212,Chol-min,0.011968103933348037,0.0999901710101381,0.05720254522021566
212,Chol-max,0.4209016118933797,0.670942251555235,0.7910478346779435
213,OT-ICA,0.1378824476794361,0.2606838013488492,0.6014337509717147
213,FastICA,0.1355086502084538,0.2543169038722042,0.610174445919342
213,Chol-min,0.017445925256605578,0.07507180385124829,0.0832465629139132
213,Chol-max,0.4312779344102722,0.6299029337496671,0.8222443215624342
214,OT-ICA,0.07027544166053322,0.306714704287557,0.6230098540519098
214,FastICA,0.07257756201410971,0.28812449144282143,0.6392979465430689
214,Chol-min,0.0045983928433952865,0.09394399170520006,0.08976331339969719
214,Chol-max,0.37525852105789165,0.6616181665125244,0.8347103343571602
215,OT-ICA,0.13058199783381236,0.22117132560820071,0.6482466765579868
215,FastICA,0.13745255668487244,0.20948449045409487,0.6530629528610327
215,Chol-min,0.012748386638224921,0.05377013527871053,0.11429887646691861
215,Chol-max,0.4287107835129171,0.5714778689944704,0.8733075026416418
216,OT-ICA,0.12539642544817498,0.28699469135421235,0.5876088831976127
216,FastICA,0.13619070174073977,0.26792354741669644,0.5958857508425639
216,Chol-min,0.018456750116132497,0.06775395193479244,0.08317226859717511
216,Chol-max,0.4437470639656941,0.628796727955613,0.8274215546602419
217,OT-ICA,0.12435380052434689,0.30877463147075884,0.5668715680048944
217,FastICA,0.11501937418827733,0.30711218015467384,0.5778684456570489
217,Chol-min,0.005770792160114037,0.11547179078170303,0.07040624864413036
217,Chol-max,0.37130427343348943,0.6966350731903661,0.7969594163312806
218,OT-ICA,0.1143897439725787,0.2727682151809158,0.6128420408465055
218,FastICA,0.10273292377853115,0.27517633585000706,0.6220907403714617
218,Chol-min,0.007827202431871759,0.08079129425734137,0.09186249955340955
218,Chol-max,0.40693675814031915,0.6181930563750055,0.843727339105618
219,OT-ICA,0.08530754400720703,0.2363290551458402,0.6783634008469527
219,FastICA,0.08488210371450773,0.24050512308677507,0.6746127731987172
219,Chol-min,0.008897372199958087,0.05309808394522871,0.1336152192628674
219,Chol-max,0.41955036366804,0.5872437721278988,0.8825568761138686
220,OT-ICA,0.08562767767710938,0.24600121549657597,0.6683711068263146
220,FastICA,0.0885686049831606,0.25804720441803636,0.653384190598803
220,Chol-min,0.006885648294939445,0.0793516645991819,0.10420041413277477
220,Chol-max,0.39934838051023264,0.6162328547831764,0.8508225221150454
221,OT-ICA,0.12894575626784735,0.23682515751916308,0.6342290862129896
221,FastICA,0.1208095401111261,0.23227319478450295,0.646917265104371
221,Chol-min,0.007373197189909662,0.07950395753145048,0.10124884041054666
221,Chol-max,0.40465505561484266,0.6230451537368257,0.8470189051897614
222,OT-ICA,0.11860191811831097,0.20506236309545792,0.6763357187862311
222,FastICA,0.12250368934385786,0.21149712673458887,0.6659991839215533
222,Chol-min,0.012365415201460839,0.05650377321745894,0.10874082626271893
222,Chol-max,0.4396227514599929,0.5976173651861847,0.8639527682539775
223,OT-ICA,0.14154450093031862,0.2150037470423174,0.6434517520273639
223,FastICA,0.1397337350375883,0.24473136132734083,0.6155349036350709
223,Chol-min,0.0064090919513013055,0.08475382432847857,0.08009298213167217
223,Chol-max,0.3957507181935775,0.6293187216472244,0.8410475355421563
224,OT-ICA,0.1555836695304796,0.18479222180421634,0.6596241086653041
224,FastICA,0.1468504825582621,0.1832309556469023,0.6699185617948356
224,Chol-min,0.014933939609923808,0.050806869055160915,0.10953725248965446
224,Chol-max,0.45510907311024673,0.5728639007196019,0.8679659125938614
225,OT-ICA,0.1131230936920326,0.32531160417310195,0.5615653021348654
225,FastICA,0.11014065072141126,0.3277002665805603,0.5621590826980284
225,Chol-min,0.006273293786341573,0.10784693572475955,0.06599972845268677
225,Chol-max,0.3948615990700309,0.6799238313458116,0.8018375896069252
226,OT-ICA,0.11446733530991293,0.2615167447203494,0.6240159199697376
226,FastICA,0.12311268376007002,0.2581870054433771,0.618700310796553
226,Chol-min,0.01220313882688241,0.06412001601011569,0.1014163068302129
226,Chol-max,0.4428988980751078,0.5849984883919946,0.8551096993573069
227,OT-ICA,0.1412703127292092,0.19754765795965626,0.6611820293111346
227,FastICA,0.1425006611650575,0.19663445119171746,0.660864887643225
227,Chol-min,0.014230315710286311,0.060255760566411735,0.1066233734336871
227,Chol-max,0.44795794128708877,0.5857450912277505,0.8554200958213866
228,OT-ICA,0.12517185264473416,0.22175852535397,0.6530696220012958
228,FastICA,0.11602715996716742,0.2303528976618821,0.6536199423709504
228,Chol-min,0.015103795826399017,0.06478004126726634,0.09399544252068251
228,Chol-max,0.452505982825626,0.591239604355171,0.844634387364845
229,OT-ICA,0.14377451204103986,0.18687794025349813,0.669347547705462
229,FastICA,0.1390255486537699,0.19896304332294276,0.6620114080232874
229,Chol-min,0.015605911406850085,0.045490195760641686,0.13082379858040205
229,Chol-max,0.4624519023443243,0.5546237845323927,0.8770408158688942
230,OT-ICA,0.08554545339565907,0.15142709487992886,0.763027451724412
230,FastICA,0.09263481213929972,0.1466770968716112,0.7606880909890891
230,Chol-min,0.011314124856400404,0.04582776541904565,0.12845940769480027
230,Chol-max,0.44840288300520426,0.5265421895378106,0.8913168620902636
231,OT-ICA,0.10524320784120651,0.21341228401536233,0.6813445081434311
231,FastICA,0.11930960499473602,0.20994803833699247,0.6707423566682715
231,Chol-min,0.014124488011662705,0.053152231920796954,0.11993982220795403
231,Chol-max,0.4292947349774571,0.5748327808644512,0.8711796458127018
232,OT-ICA,0.10201054316583671,0.21253196945756536,0.6854574873765978
232,FastICA,0.09622396555549301,0.21934535403126929,0.6844306804132376
232,Chol-min,0.004008246216372424,0.06412023453798021,0.12867567184278123
232,Chol-max,0.405010914861294,0.5896136652138657,0.8825807726950913
233,OT-ICA,0.09874084103876316,0.18093397212960471,0.7203251868316322
233,FastICA,0.0996183200333912,0.1792973044912663,0.7210843754753425
233,Chol-min,0.010493007947784813,0.05623964678262459,0.11538987760607787
233,Chol-max,0.4376908545230536,0.58822398814958,0.8707092472135876
234,OT-ICA,0.09887415207539865,0.3169318052929335,0.5841940426316677
234,FastICA,0.09830365423879003,0.3137258785584425,0.5879704672027676
234,Chol-min,0.006897504417291373,0.09911391794457985,0.07630989202636762
234,Chol-max,0.40194194138128125,0.6434504776674373,0.8180739162544477
235,OT-ICA,0.12369376303678448,0.227156324850777,0.6491499121124386
235,FastICA,0.12306603463129556,0.238481806862505,0.6384521585061995
235,Chol-min,0.01101922680772216,0.06895412618635756,0.09757879596355908
235,Chol-max,0.43465268120489614,0.5906203145163578,0.8515435870939555
236,OT-ICA,0.12570437380208316,0.21687147726441197,0.6574241489335049
236,FastICA,0.13642763109376413,0.22326584152380297,0.6403065273824329
236,Chol-min,0.009792313571514114,0.07461213130204844,0.09524883263650419
236,Chol-max,0.4202445726652091,0.6245983458716985,0.8435473124523739
237,OT-ICA,0.12955632264574876,0.25953759109153973,0.6109060862627116
237,FastICA,0.1262325201135825,0.26326546171582144,0.6105020181705961
237,Chol-min,0.011254618580076339,0.07966737797501514,0.07849296495008572
237,Chol-max,0.43254444748409254,0.6226365685337065,0.8295536923714881
238,OT-ICA,0.14211053963538142,0.24486537380510934,0.6130240865595092
238,FastICA,0.13745549904676804,0.24954282117828894,0.613001679774943
238,Chol-min,0.012363030566066786,0.07544589179181121,0.08572663604641491
238,Chol-max,0.42953684264837805,0.6326362797870274,0.832263394518972
239,OT-ICA,0.1140685625404558,0.21193591366583872,0.6739955237937055
239,FastICA,0.11331007036512011,0.2151412290610401,0.6715487005738399
239,Chol-min,0.010144109384525066,0.05025470446312921,0.13160137202130595
239,Chol-max,0.41923618835613585,0.5671513054066598,0.8865083583109804
240,OT-ICA,0.09685847400215247,0.21441611124774898,0.6887254147500985
240,FastICA,0.10382571665995857,0.1993282339621755,0.6968460493778659
240,Chol-min,0.008050456629013387,0.05418627073900738,0.12169821653284667
240,Chol-max,0.4258441232522189,0.5848609905078982,0.8818882598336758
241,OT-ICA,0.1380865641390864,0.22523864816157302,0.6366747876993406
241,FastICA,0.13446247670547531,0.23332892992409515,0.6322085933704296
241,Chol-min,0.01950384318925291,0.04873912249423392,0.10627305443101819
241,Chol-max,0.46551285052158053,0.5716310714436369,0.8603130134659628
242,OT-ICA,0.11018749304808113,0.2034845216447312,0.6863279853071876
242,FastICA,0.11988683638292875,0.19071580265928695,0.6893973609577844
242,Chol-min,0.010029265575287822,0.05985735940260642,0.11260451671601102
242,Chol-max,0.41309893076189197,0.6059592735886964,0.8681045709551636
243,OT-ICA,0.08945854016331478,0.22389817032324327,0.686643289513442
243,FastICA,0.08567996881552,0.20907901333133444,0.7052410178531456
243,Chol-min,0.00756062955864074,0.06325509604274944,0.12797393752557037
243,Chol-max,0.40984317204119786,0.5790964029471897,0.8749564761357714
244,OT-ICA,0.08622459182369646,0.21696141901703037,0.6968139891592731
244,FastICA,0.08244976831135178,0.22436823644107753,0.6931819952475706
244,Chol-min,0.003984688737568429,0.05969803808575896,0.1305683507707624
244,Chol-max,0.40121595575533947,0.5971265889427495,0.8879082168528993
245,OT-ICA,0.13882234526456397,0.241348910295163,0.6198287444402731
245,FastICA,0.1361958208100569,0.23354275701681937,0.6302614221731238
245,Chol-min,0.017825136287406187,0.05697367197879647,0.09590555455855883
245,Chol-max,0.4565194171974469,0.5692770055649177,0.8531608296297394
246,OT-ICA,0.07995867545678774,0.24832225187729431,0.6717190726659179
246,FastICA,0.08007512006647476,0.24142438856578305,0.6785004913677422
246,Chol-min,0.004084444378356657,0.07377922270627522,0.11826646062224717
246,Chol-max,0.38921956858267787,0.6096058039964138,0.8692339888851441
247,OT-ICA,0.12686010803696451,0.2509504459109928,0.6221894460520426
247,FastICA,0.13240172250537569,0.2501351168267641,0.6174631606678602
247,Chol-min,0.01584166450654555,0.05952031573990434,0.1011974865053994
247,Chol-max,0.4401893341117983,0.5736946929600696,0.8562574316713465
248,OT-ICA,0.1722609194965415,0.19717665434628262,0.6305624261571758
248,FastICA,0.1640056828194302,0.22312172623774207,0.6128725909428278
248,Chol-min,0.01846609847006445,0.05918602761374902,0.08891278008384487
248,Chol-max,0.4664903671128771,0.5731368191473033,0.845628999687739
249,OT-ICA,0.12663681674039137,0.2832326413091643,0.5901305419504443
249,FastICA,0.12059357438958172,0.26536146735045457,0.6140449582599636
249,Chol-min,0.01971708169023322,0.07490000786380445,0.07910300591949589
249,Chol-max,0.4554876056100025,0.5973351551328024,0.8189195487883673
250,OT-ICA,0.1495578597971361,0.20385792492116234,0.6465842152817015
250,FastICA,0.14170030692988658,0.18614486186152135,0.6721548312085921
250,Chol-min,0.016302019740742763,0.0565649696564862,0.1110086522361541
250,Chol-max,0.45315487012082767,0.5711349148975213,0.8582428589845933
251,OT-ICA,0.12759334088827087,0.24637769821710037,0.6260289608946288
251,FastICA,0.1281676876032992,0.23724984129400617,0.6345824711026946
251,Chol-min,0.015730042618182456,0.07667651205304005,0.08353066895463779
251,Chol-max,0.42841419248953244,0.5979355006029722,0.8303265941136007
252,OT-ICA,0.1085951637155412,0.2581631817409387,0.6332416545435201
252,FastICA,0.11065734830512686,0.24135686373179263,0.6479857879630806
252,Chol-min,0.014665427932297323,0.07149236301246525,0.08437007094607803
252,Chol-max,0.43684668621425266,0.610101759883974,0.8351375993904092
253,OT-ICA,0.1254119361876028,0.20890360522092355,0.6656844585914736
253,FastICA,0.12577046477875917,0.2107149778534251,0.6635145573678157
253,Chol-min,0.012018771241750888,0.049232440264607116,0.11825965115674263
253,Chol-max,0.4464428875980879,0.5725942912898202,0.8781525049854286
254,OT-ICA,0.12235802597174865,0.24933489676078543,0.6283070772674659
254,FastICA,0.12613718875257604,0.24196318178630685,0.6318996294611171
254,Chol-min,0.0230033471229522,0.05130765487834627,0.1054592313479142
254,Chol-max,0.4714719937961966,0.5538159959557047,0.8525884043557113
255,OT-ICA,0.12349377392057159,0.2946866740190141,0.5818195520604142
255,FastICA,0.12152031966094617,0.2970011424612855,0.5814785378777683
255,Chol-min,0.010292065238823098,0.08648395372793903,0.08241000964850832
255,Chol-max,0.42918303565599225,0.6321021651848822,0.8226273433572573
256,OT-ICA,0.14411423918464572,0.23579927876679768,0.6200864820485567
256,FastICA,0.13502193689596467,0.23195874768027164,0.6330193154237636
256,Chol-min,0.0216365552615211,0.07292874975902996,0.07308688623533054
256,Chol-max,0.4613024281229967,0.6073645923417446,0.8136000824392711
257,OT-ICA,0.13386204696911633,0.28646960868381055,0.579668344347073
257,FastICA,0.1375667085886654,0.26961766483681937,0.5928156265745153
257,Chol-min,0.010774192874262805,0.08912702696387954,0.07457108950614176
257,Chol-max,0.43236624304355786,0.6309570049550506,0.8165728290292511
258,OT-ICA,0.10925825142207969,0.23609169026698157,0.6546500583109387
258,FastICA,0.11429775702426734,0.24039080439443303,0.6453114385812997
258,Chol-min,0.009638120632849217,0.07183129658377647,0.10061458717350993
258,Chol-max,0.4221518191079053,0.6003398256085953,0.8518531514470316
259,OT-ICA,0.07238145622983823,0.24802691899563506,0.6795916247745267
259,FastICA,0.07662625962858062,0.2374908407272481,0.6858828996441713
259,Chol-min,0.009865488199286985,0.0581380536631486,0.11744999004946008
259,Chol-max,0.4301545198405535,0.5723612017223966,0.8734509446059494
260,OT-ICA,0.1616651136828986,0.2485792131696662,0.5897556731474352
260,FastICA,0.14874335012324963,0.26382369865862865,0.5874329512181218
260,Chol-min,0.015841292676548473,0.07712803083647926,0.07560703748382464
260,Chol-max,0.4461448148914794,0.6063861327122899,0.8230341496822625
261,OT-ICA,0.11026872122455955,0.1737812632510217,0.7159500155244188
261,FastICA,0.106184412000381,0.17276240328285597,0.721053184716763
261,Chol-min,0.0181335960223905,0.029019704088779196,0.14363354559363
261,Chol-max,0.4471561068893997,0.5390549393110524,0.901690262353348
262,OT-ICA,0.14482340087085477,0.21622845560893864,0.6389481435202067
262,FastICA,0.14290278062059505,0.21761938527101793,0.6394778341083871
262,Chol-min,0.013090716453824898,0.07684608817959038,0.09149057460119936
262,Chol-max,0.4176638627811677,0.6159733323356936,0.8351918140043738
263,OT-ICA,0.08399053029410163,0.18734556242431855,0.7286639072815798
263,FastICA,0.08131452633437275,0.18008656805407164,0.7385989056115557
263,Chol-min,0.011430879653442003,0.046952927536075974,0.12968349562732764
263,Chol-max,0.4369887250354117,0.5581204616584912,0.8867819607812093
264,OT-ICA,0.11595958567913371,0.3141345315678916,0.5699058827529747
264,FastICA,0.10895264487329961,0.3076097431194831,0.5834376120072173
264,Chol-min,0.004981617930995773,0.1053203469393201,0.07743386612714137
264,Chol-max,0.38870262517437326,0.6738913803667953,0.8131958357477779
265,OT-ICA,0.08700624765453724,0.25829765400792504,0.6546960983375377
265,FastICA,0.08899551866096422,0.24289542237815576,0.66810905896088
265,Chol-min,0.003035303004023774,0.0697258759799218,0.11450020332012133
265,Chol-max,0.39749895863598844,0.6098560682851533,0.876136509302277
266,OT-ICA,0.10467865975915269,0.2947960629266408,0.6005252773142066
266,FastICA,0.10636139525980108,0.28610928807033115,0.6075293166698678
266,Chol-min,0.007636242829676206,0.07744139590066329,0.08576155812777614
266,Chol-max,0.4062176421562305,0.65109242930117,0.8421329701013699
267,OT-ICA,0.0743698373729666,0.19830047721248306,0.7273296854145503
267,FastICA,0.08031829862591813,0.19173803963508718,0.7279436617389947
267,Chol-min,0.007604018568006868,0.05256211243755995,0.13613672943381222
267,Chol-max,0.4262910493182307,0.5718732375323092,0.8876199712024455
268,OT-ICA,0.09035579749952546,0.25452340538765794,0.6551207971128166
268,FastICA,0.09427098550245555,0.2244456750809189,0.6812833394166256
268,Chol-min,0.01122474847392234,0.05488146404781664,0.11251268512900475
268,Chol-max,0.42036878230756786,0.5661910131457945,0.8769191668483532
269,OT-ICA,0.10501837145529062,0.2630264424312571,0.6319551861134522
269,FastICA,0.10572872000328949,0.26447387992072113,0.6297974000759894
269,Chol-min,0.014932495957530689,0.07154505235962053,0.09315518729680795
269,Chol-max,0.4385291502712886,0.5996437891303386,0.8372625455540615
270,OT-ICA,0.14118503869139698,0.21993805636916428,0.6388769049394387
270,FastICA,0.13620070104201712,0.22102524277085367,0.6427740561871292
270,Chol-min,0.014684676201554284,0.05936418996764535,0.10393358552482808
270,Chol-max,0.4418853177477502,0.5785744765855265,0.8578129840219691
271,OT-ICA,0.09514402777439042,0.3177062505556379,0.5871497216699716
271,FastICA,0.09665593086343943,0.32090764262417315,0.5824364265123875
271,Chol-min,0.006522252040258836,0.08835798363540913,0.08965466412170739
271,Chol-max,0.389273792515186,0.641885999590886,0.8367512017017819
272,OT-ICA,0.12079529784274541,0.17691431805544217,0.7022903841018124
272,FastICA,0.11443347270955372,0.1766953962134903,0.708871131076956
272,Chol-min,0.017932338990240257,0.032123493090855416,0.13138332432197744
272,Chol-max,0.47859816713569414,0.5274073449349259,0.8938764106025738
273,OT-ICA,0.07587332180216545,0.24411569208003092,0.6800109861178035
273,FastICA,0.0768349363732446,0.24349069636216603,0.6796743672645894
273,Chol-min,0.0031095483225130026,0.0647549490757884,0.12643525624782392
273,Chol-max,0.38242102847378057,0.6166889974681976,0.8841539762784594
274,OT-ICA,0.08230971591058704,0.25998959737595784,0.6577006867134552
274,FastICA,0.09111451661196747,0.26450571277654233,0.6443797706114901
274,Chol-min,0.01237358582787813,0.0858495810503117,0.08366854837954221
274,Chol-max,0.40664542068791865,0.6604293333236199,0.8181847780187372
275,OT-ICA,0.07286850047494833,0.25771428771606664,0.669417211808985
275,FastICA,0.07636326041124576,0.2591122084980483,0.664524531090706
275,Chol-min,0.002635834542601637,0.08190695080659759,0.11466750099749973
275,Chol-max,0.3845441378127021,0.6398631421666723,0.8600607838950552
276,OT-ICA,0.15342823772834327,0.24935190779208857,0.5972198544795683
276,FastICA,0.1458207271804653,0.2551375319006593,0.5990417409188755
276,Chol-min,0.013273999446219226,0.0816840879473234,0.08124285027384846
276,Chol-max,0.4505358995461071,0.6245091771871587,0.8188459233737432
277,OT-ICA,0.14854105564067202,0.23020060471086637,0.6212583396484617
277,FastICA,0.1423366250074385,0.24427691153669887,0.6133864634558627
277,Chol-min,0.01614203353585156,0.047417136334034306,0.1172803636475242
277,Chol-max,0.46574862955593455,0.5510526933258478,0.872658226470026
278,OT-ICA,0.12926835991179325,0.21709747172822313,0.6536341683599837
278,FastICA,0.1224311833095675,0.20792234438066978,0.6696464723097628
278,Chol-min,0.008129520251239804,0.0683890705095479,0.10859595887855153
278,Chol-max,0.419493253037202,0.5963463993826907,0.8615747451427419
279,OT-ICA,0.12626831117868242,0.2899378708585074,0.58379381796281
279,FastICA,0.1210712276942948,0.2800071028650037,0.5989216694407016
279,Chol-min,0.009206946968208911,0.09066896560699793,0.07239809519775937
279,Chol-max,0.4229043500010107,0.6538972154419875,0.8154504151081252
280,OT-ICA,0.173659168979691,0.24203075423510712,0.584310076785202
280,FastICA,0.17302420205235614,0.24731064684300286,0.579665151104641
280,Chol-min,0.014574766138200964,0.09291120389743678,0.06493364833227418
280,Chol-max,0.45109673118224675,0.6284119303748594,0.798141347609726
281,OT-ICA,0.08776329257163482,0.30210365896061336,0.6101330484677518
281,FastICA,0.09536115106800551,0.30194728650713254,0.602691562424862
281,Chol-min,0.009036366199542895,0.09213227594446821,0.07336285631384354
281,Chol-max,0.4020670511676405,0.6521745725201261,0.8190040225655906
282,OT-ICA,0.0858232719152434,0.2241807609944542,0.6899959670903024
282,FastICA,0.08955477235953899,0.2303720900168406,0.6800731376236205
282,Chol-min,0.011317036186827788,0.04873344662875129,0.12520310495524736
282,Chol-max,0.42606557620665314,0.5577605476157478,0.8860683972974482
283,OT-ICA,0.11155372034335802,0.1591462324719464,0.7293000471846955
283,FastICA,0.12414934340596229,0.16263235640714974,0.7132183001868879
283,Chol-min,0.02118263416823393,0.03493959423577837,0.12232049253619195
283,Chol-max,0.4647774542625004,0.5320027697592502,0.8849134444113814
284,OT-ICA,0.11190428293420586,0.2586974046924867,0.6293983123733075
284,FastICA,0.1249929559722354,0.2608490532461933,0.6141579907815713
284,Chol-min,0.01769110594954677,0.06528865584696916,0.08656465133821795
284,Chol-max,0.44738675075138623,0.597298170756726,0.8379147633987545
285,OT-ICA,0.11728037567584239,0.23725751793121175,0.6454621063929459
285,FastICA,0.11717316430176236,0.2484533552853216,0.6343734804129161
285,Chol-min,0.011058074457089784,0.06843191967423522,0.0901635307416209
285,Chol-max,0.4301664525367574,0.6149461079436753,0.8478970937218434
286,OT-ICA,0.11001386668425557,0.28842202392439353,0.6015641093913509
286,FastICA,0.11649285607381914,0.2833307112693789,0.600176432656802
286,Chol-min,0.009302645145325883,0.0760317238327433,0.09829223667575371
286,Chol-max,0.42048768831398103,0.588736613677514,0.8494060370994341
287,OT-ICA,0.11951405587906765,0.2204861671847282,0.6599997769362042
287,FastICA,0.13121053652988263,0.20509435264743806,0.6636951108226793
287,Chol-min,0.020278548346488262,0.039228667818571636,0.11714983823406762
287,Chol-max,0.4791496553038436,0.5495697948557646,0.8747454155309622
288,OT-ICA,0.13825092703030614,0.30305897442895646,0.5586900985407375
288,FastICA,0.13199593577306556,0.3221120175687291,0.5458920466582053
288,Chol-min,0.01316456018675626,0.09410920915893763,0.08037774977760401
288,Chol-max,0.41531782558128416,0.6324537153026072,0.8095288962834478
289,OT-ICA,0.10377304588921137,0.23900896360316287,0.6572179905076257
289,FastICA,0.10327185637558155,0.24444225993873858,0.6522858836856799
289,Chol-min,0.013968019216127035,0.04657775353747446,0.12457375844749279
289,Chol-max,0.4481482394785706,0.5601201514945107,0.8798860795800916
290,OT-ICA,0.16722277161825802,0.26605801312325933,0.5667192152584827
290,FastICA,0.1689147455334675,0.2604073990467045,0.570677855419828
290,Chol-min,0.012604320361595122,0.08251169580170457,0.07650491284811231
290,Chol-max,0.437089373258433,0.6160212423926739,0.8230403602365051
291,OT-ICA,0.14739621863819002,0.2164060196596597,0.6361977617021503
291,FastICA,0.14742585457847365,0.23477066216266979,0.6178034832588566
291,Chol-min,0.012638352998308127,0.06927908485839238,0.09493077439683205
291,Chol-max,0.42602998559627786,0.6016211777111076,0.8470753205984486
292,OT-ICA,0.10736916488488298,0.1642078529999667,0.7284229821151503
292,FastICA,0.10199424803435066,0.16366886881821763,0.7343368831474317
292,Chol-min,0.010827444249677628,0.045526230595562434,0.1285631204958676
292,Chol-max,0.4598355935824566,0.5521417427875572,0.8874178913913018
293,OT-ICA,0.10005672720902956,0.21395082621980518,0.6859924465711653
293,FastICA,0.10304932835977565,0.21940767647256418,0.6775429951676601
293,Chol-min,0.010948995461897933,0.06053660091092006,0.11500199203946997
293,Chol-max,0.4509826332194717,0.5729031275100425,0.8642438239240484
294,OT-ICA,0.11938343709783952,0.26870483164436526,0.6119117312577953
294,FastICA,0.11793793123080351,0.27173023725879586,0.6103318315104007
294,Chol-min,0.00722161737320283,0.10801831824032575,0.07393230301550106
294,Chol-max,0.40098874237181503,0.6692331240470023,0.8012379085775234
295,OT-ICA,0.13214113637436392,0.187142434933369,0.6807164286922671
295,FastICA,0.13255360196148602,0.18258373615932608,0.6848626618791879
295,Chol-min,0.0077239369699416745,0.06441083490838585,0.10486261007128375
295,Chol-max,0.43602602876587043,0.5922621574831965,0.8652555408839655
296,OT-ICA,0.08925585495943462,0.2429769931880637,0.6677671518525018
296,FastICA,0.0874584836525501,0.2437000288782919,0.6688414874691581
296,Chol-min,0.006830784331018692,0.08150117246564209,0.10794387727662066
296,Chol-max,0.3953698291349227,0.6313537772526904,0.8467620523870719
297,OT-ICA,0.12963844897385146,0.16435033876532043,0.7060112122608281
297,FastICA,0.1282516844382663,0.16881767573775008,0.7029306398239835
297,Chol-min,0.024422369475184454,0.03310169067727447,0.12823417493142067
297,Chol-max,0.5008270533001191,0.5139108123919265,0.8796487574348267
298,OT-ICA,0.11092817927836168,0.21671001146266694,0.6723618092589714
298,FastICA,0.10801608433848939,0.21209771803129562,0.679886197630215
298,Chol-min,0.01233081901980392,0.05283685690607495,0.1051008200860919
298,Chol-max,0.43597007511042457,0.5742366503602032,0.873017699490879
299,OT-ICA,0.11521570363948958,0.24573748974758286,0.6390468066129276
299,FastICA,0.12772880586047533,0.2409639775026185,0.6313072166369061
299,Chol-min,0.009110952203492844,0.07353899928086666,0.0960630482892757
299,Chol-max,0.4208425205187795,0.62484727872329,0.8464536125295293
300,OT-ICA,0.12579111273325208,0.26061022247414073,0.6135986647926072
300,FastICA,0.12402814470510602,0.26755810868464575,0.6084137466102482
300,Chol-min,0.019647926613418642,0.0671166805481605,0.08647018547487705
300,Chol-max,0.43790378441926814,0.602096473304442,0.8329361155422794
301,OT-ICA,0.12842492852843876,0.21947551920782954,0.6520995522637317
301,FastICA,0.12508231420183974,0.2173779936297003,0.65753969216846
301,Chol-min,0.011448307891815324,0.06568177744145415,0.09675646926111181
301,Chol-max,0.42725698184209016,0.6075881602349404,0.8531832418186955
302,OT-ICA,0.10766837404594425,0.23747043563548462,0.6548611903185712
302,FastICA,0.11136960275526528,0.22086817565108557,0.6677622215936492
302,Chol-min,0.0073589873278322995,0.0688983565175377,0.10689037894910053
302,Chol-max,0.4058987311587109,0.606818676903423,0.8633078377110827
303,OT-ICA,0.11826368202366493,0.22022745860332146,0.6615088593730136
303,FastICA,0.10875092053626248,0.22856379504406632,0.6626852844196712
303,Chol-min,0.010745495445320207,0.06134177092659438,0.11264271246168332
303,Chol-max,0.43436535231467266,0.5944382603265852,0.8627234435605146
304,OT-ICA,0.15920579024021858,0.2080587077584695,0.6327355020013119
304,FastICA,0.16177779815155138,0.21140569298625084,0.6268165088621979
304,Chol-min,0.031022472271286173,0.0650609414642294,0.0771431972422143
304,Chol-max,0.4764165348040477,0.576219040593118,0.8119986965288546
305,OT-ICA,0.17162002683797944,0.2241812215564563,0.6041987516055642
305,FastICA,0.16466455349732967,0.2454430547271127,0.5898923917755576
305,Chol-min,0.017229075852482553,0.059308319059998026,0.08395906655131866
305,Chol-max,0.44173558909427973,0.5749186024419528,0.8513109945881973
306,OT-ICA,0.11980743975436003,0.25732323601756696,0.622869324228073
306,FastICA,0.12058658388976137,0.25999764730300795,0.6194157688072307
306,Chol-min,0.006400939149541876,0.1044089472999079,0.07067389207217739
306,Chol-max,0.3855231162896565,0.668199453671186,0.8108444841547001
307,OT-ICA,0.09889376576035665,0.1793655940666098,0.7217406401730335
307,FastICA,0.1006405737063887,0.17509262551526752,0.7242668007783437
307,Chol-min,0.01041230897707421,0.04925963314859819,0.12746543920215522
307,Chol-max,0.4255985145299804,0.5794663663710762,0.8843193546120601
308,OT-ICA,0.11943737301407888,0.19038976665207336,0.6901728603338477
308,FastICA,0.13007386957471237,0.1869617525779309,0.6829643778473568
308,Chol-min,0.01199682670979283,0.05435998358389784,0.10958627261549571
308,Chol-max,0.4223141334612788,0.5847239332566774,0.8727019867462485
309,OT-ICA,0.10893986647624974,0.24768728465292866,0.6433728488708216
309,FastICA,0.09560508635689743,0.2487374004896561,0.6556575131534466
309,Chol-min,0.00496946389374935,0.08690690677181992,0.0948794407223633
309,Chol-max,0.4141376359660809,0.6364603486697814,0.8397628074999924
310,OT-ICA,0.10084891041811013,0.31439821125439615,0.5847528783274937
310,FastICA,0.11265203966082048,0.32559693479486546,0.561751025544314
310,Chol-min,0.015189485288495914,0.0932335408450257,0.07110058992457255
310,Chol-max,0.3993613681218605,0.6270223245476388,0.8096320931095137
311,OT-ICA,0.1497597730714074,0.24508665643954453,0.605153570489048
311,FastICA,0.14565460827891516,0.23982364112862758,0.6145217505924573
311,Chol-min,0.01322602729080728,0.06582463563211464,0.08960119358232337
311,Chol-max,0.45011638880669597,0.5974202845875657,0.8459169797900306
312,OT-ICA,0.13951958076244678,0.2334507851828717,0.6270296340546815
312,FastICA,0.13966140272928074,0.22929100936480054,0.6310475879059187
312,Chol-min,0.010259346311495188,0.049568302898498964,0.12186569566774988
312,Chol-max,0.4233437979600685,0.5752399399387795,0.8848806146263385
313,OT-ICA,0.10289893569270021,0.21996932351104664,0.677131740796253
313,FastICA,0.10969344528030406,0.21563015126042734,0.6746764034592686
313,Chol-min,0.010288789820681727,0.07038271337490433,0.09562064104895754
313,Chol-max,0.44079602755685277,0.61415841723279,0.8458476321050052
314,OT-ICA,0.12518488054605081,0.2538232556272665,0.6209918638266827
314,FastICA,0.12546551412486812,0.26225123475748663,0.6122832511176454
314,Chol-min,0.0118819430273305,0.08255550219681411,0.07506004110978472
314,Chol-max,0.43159096133603875,0.6345637951657855,0.8218423294720126
315,OT-ICA,0.09981553106083885,0.1881105575189947,0.7120739114201665
315,FastICA,0.10094331475778044,0.19520549391658884,0.7038511913256308
315,Chol-min,0.011425810477047502,0.05512700679844965,0.11464849294587859
315,Chol-max,0.4356304579775047,0.5997283162787813,0.8686081400451571
316,OT-ICA,0.08915014353551591,0.18578348346115836,0.7250663730033257
316,FastICA,0.0794344250980382,0.19523317494971207,0.7253323999522497
316,Chol-min,0.011261973216818672,0.05327544771359755,0.12862607395640038
316,Chol-max,0.4417529146876615,0.563574010505756,0.8769863329584852
317,OT-ICA,0.12744728968557892,0.24574336497899302,0.626809345335428
317,FastICA,0.12864560657570917,0.26018508915732647,0.6111693042669644
317,Chol-min,0.010823473747702896,0.0782688426520666,0.09999322179788474
317,Chol-max,0.4301395599769167,0.6040780055146268,0.8388728396671014
318,OT-ICA,0.127423081138695,0.21726894402740962,0.6553079748338954
318,FastICA,0.13284583471586095,0.21486656603992707,0.652287599244212
318,Chol-min,0.01425106383586014,0.04880237951577511,0.11138552392863735
318,Chol-max,0.4508495114048059,0.5825024397777125,0.8714073924899719
319,OT-ICA,0.10047005605562853,0.2586687906523127,0.6408611532920588
319,FastICA,0.10375103902315082,0.270435008877561,0.6258139520992881
319,Chol-min,0.0026230672775099046,0.09105341000294141,0.09798830726359539
319,Chol-max,0.3816914552398156,0.6597474166200311,0.8449291343792709
320,OT-ICA,0.11982121652752714,0.20376821032636985,0.6764105731461031
320,FastICA,0.10850752235174703,0.19853574777308491,0.6929567298751681
320,Chol-min,0.0077350877145964635,0.04478383501721425,0.13319771588883614
320,Chol-max,0.43270206545821044,0.5634862153325539,0.8979359854568921
321,OT-ICA,0.10088579804808674,0.23606433110324843,0.6630498708486648
321,FastICA,0.10754715796546738,0.22259674687593453,0.6698560951585981
321,Chol-min,0.008480743514399073,0.07127361384152694,0.09792750806519208
321,Chol-max,0.4168342796141375,0.6273679976877966,0.8513964228100246
322,OT-ICA,0.11704958931346916,0.2474809059667783,0.6354695047197525
322,FastICA,0.11632249372922293,0.25545864873401075,0.6282188575367663
322,Chol-min,0.012978143973162623,0.07631918038786357,0.08623227715272698
322,Chol-max,0.43011525623473357,0.6211989357585093,0.8319420138428822
323,OT-ICA,0.12332492426503507,0.2525125303968087,0.6241625453381563
323,FastICA,0.1270730187148036,0.24715156037300998,0.6257754209121864
323,Chol-min,0.017476563468491906,0.07302854646643665,0.07757353463600421
323,Chol-max,0.4526422978597001,0.6199112674481895,0.8213458941838467
324,OT-ICA,0.12465639719994101,0.16571990178401755,0.7096237010160414
324,FastICA,0.11933768500047322,0.1632482835705826,0.7174140314289442
324,Chol-min,0.022882593493739552,0.032425592209013275,0.12345142110390857
324,Chol-max,0.4925826498870053,0.5158648825651441,0.8840054309164055
325,OT-ICA,0.1333385620800056,0.2620085868930878,0.6046528510269066
325,FastICA,0.1376061236603539,0.25938924571012645,0.6030046306295197
325,Chol-min,0.015205233542838224,0.07532877529518418,0.07226241061655601
325,Chol-max,0.4544066181192497,0.6247342518074829,0.82064810473025
326,OT-ICA,0.14132570894035976,0.23684168114148246,0.6218326099181578
326,FastICA,0.14467795263199368,0.2323831350753443,0.6229389122926621
326,Chol-min,0.013976293963645208,0.06571997022169275,0.08887240738135246
326,Chol-max,0.440528582706474,0.5995775235712052,0.8458333109425924
327,OT-ICA,0.09908186811634068,0.19964117849573393,0.7012769533879253
327,FastICA,0.0971231665375181,0.21598204336830296,0.6868947900941789
327,Chol-min,0.009415198114126782,0.04564757615653192,0.135585440381725
327,Chol-max,0.4246397996742352,0.5662402397583816,0.8937988780672594
328,OT-ICA,0.08934784536917892,0.2798873012888949,0.6307648533419262
328,FastICA,0.09109995618240234,0.2688572031682594,0.6400428406493383
328,Chol-min,0.012246824444811094,0.06298459857206919,0.10342024276189994
328,Chol-max,0.41273402322555425,0.6042820685081239,0.858875360139837
329,OT-ICA,0.10723473413595062,0.24624462452286844,0.6465206413411809
329,FastICA,0.10371877616559139,0.24782960370151633,0.6484516201328923
329,Chol-min,0.012385389947641634,0.07555012499401606,0.08543714126464001
329,Chol-max,0.44256778178512923,0.6155749961759507,0.8326439557401775
330,OT-ICA,0.137905105594035,0.28875802641358955,0.5733368679923755
330,FastICA,0.13348104427605173,0.28093482138126236,0.5855841343426859
330,Chol-min,0.01287474849802888,0.07545269269622684,0.071507444691148
330,Chol-max,0.435348455898364,0.6183109396169544,0.8304146516139144
331,OT-ICA,0.12604804011409926,0.2683818813107385,0.6055700785751623
331,FastICA,0.12921141298202612,0.26437232950259,0.6064162575153839
331,Chol-min,0.010412630260749269,0.07900772558250571,0.09001170583965917
331,Chol-max,0.419185171297797,0.6187585348848801,0.8372346345236544
332,OT-ICA,0.10721478565255897,0.2447195225784395,0.6480656917690014
332,FastICA,0.1163744404274053,0.24707536368671063,0.636550195885884
332,Chol-min,0.017315050385619715,0.06569340798273847,0.09560160132999063
332,Chol-max,0.4423895076743063,0.609328709675461,0.8378878459213346
333,OT-ICA,0.11548313714871374,0.25925505827138384,0.6252618045799024
333,FastICA,0.11510646269044605,0.24841350429654338,0.6364800330130105
333,Chol-min,0.007887488273143662,0.09119819960306659,0.08175434711331056
333,Chol-max,0.3989146753242164,0.6389794514484134,0.8273774949262838
334,OT-ICA,0.1420549578124105,0.24268355024236662,0.6152614919452228
334,FastICA,0.13763688895919063,0.2450380251287425,0.6173250859120668
334,Chol-min,0.008976078316433902,0.0771054524460493,0.08544468024050474
334,Chol-max,0.4324864770088552,0.6197010958858992,0.8396845467698103
335,OT-ICA,0.14100040029173486,0.25873079032978263,0.6002688093784825
335,FastICA,0.1397835286048454,0.2673423127525181,0.5928741586426365
335,Chol-min,0.020016138467638514,0.0645952939909307,0.08180182513440003
335,Chol-max,0.44677258940351666,0.5993269367240459,0.8336105045906619
336,OT-ICA,0.1408809943905634,0.19088040894579658,0.6682385966636399
336,FastICA,0.14144488063147462,0.1802907978346249,0.6782643215339005
336,Chol-min,0.02315243577676057,0.04797136764936507,0.1157405806837123
336,Chol-max,0.46165119664486215,0.5466759415946086,0.8607950105518165
337,OT-ICA,0.11467123773057705,0.26381232974129143,0.6215164325281316
337,FastICA,0.11578496220491288,0.2590424575404267,0.6251725802546605
337,Chol-min,0.013845168603996434,0.05133433401876229,0.11757581686509654
337,Chol-max,0.4359927676894098,0.5627352558711674,0.8747865552326552
338,OT-ICA,0.12826349191281525,0.24016876371252904,0.6315677443746558
338,FastICA,0.12569474016328866,0.2488394320057393,0.6254658278309722
338,Chol-min,0.0111820990317143,0.07925394204331691,0.08700516510813511
338,Chol-max,0.42320412877605773,0.6206395304677942,0.8336973630425125
339,OT-ICA,0.09872398999003845,0.19010496201980306,0.7111710479901584
339,FastICA,0.09726148471772175,0.1837902288266554,0.7189482864556229
339,Chol-min,0.012458165776898619,0.05565136078497551,0.10643448199897892
339,Chol-max,0.45207802848325196,0.5778947359975397,0.8658319672561091
340,OT-ICA,0.10184247127455479,0.21147438648838823,0.686683142237057
340,FastICA,0.10928414619119305,0.2011007751707005,0.6896150786381066
340,Chol-min,0.014811401712954758,0.0510489578834739,0.1021119656609468
340,Chol-max,0.43484646899535484,0.5683877798690525,0.8713199393469307
341,OT-ICA,0.10156358446095849,0.2623732147074593,0.6360632008315823
341,FastICA,0.10936270387691797,0.242452936495522,0.64818435962756
341,Chol-min,0.016685365145718164,0.07889888864201548,0.08496236664121495
341,Chol-max,0.440060898491617,0.5985254642717883,0.8234286297015835
342,OT-ICA,0.10985686056916258,0.20778569235609876,0.6823574470747387
342,FastICA,0.11679429273427774,0.2132055242505056,0.6700001830152167
342,Chol-min,0.012092306672611337,0.052746747859220726,0.12298351224036506
342,Chol-max,0.42886601458124435,0.5761332921301985,0.875816892559548
343,OT-ICA,0.12473238789221425,0.2005656144170401,0.6747019976907457
343,FastICA,0.1252944702786798,0.19773534253745184,0.6769701871838684
343,Chol-min,0.0071891345728437705,0.04815052699580457,0.14107069399462466
343,Chol-max,0.4196688403615525,0.5502470816203435,0.8985184053231505
344,OT-ICA,0.12805634509790922,0.18794316735752123,0.6840004875445694
344,FastICA,0.1327668346248973,0.1949743920826238,0.6722587732924789
344,Chol-min,0.01170627811965749,0.05366138008982472,0.11042509703420379
344,Chol-max,0.4213636871752,0.5821631576991714,0.8748411614390278
345,OT-ICA,0.13199699271923826,0.26298788666917494,0.6050151206115868
345,FastICA,0.1375677572992674,0.26355293341931335,0.5988793092814193
345,Chol-min,0.020450346070752034,0.06923563704488843,0.07780185001067881
345,Chol-max,0.4623285561213731,0.5941843841119713,0.8238665782298751
346,OT-ICA,0.11885473863005892,0.32104957730412725,0.5600956840658138
346,FastICA,0.1272578015558341,0.3278837433155181,0.5448584551286478
346,Chol-min,0.015572892400100692,0.08410027825934871,0.06705835349313743
346,Chol-max,0.42704509522725126,0.649239117611276,0.8086730545799548
347,OT-ICA,0.09838671022277114,0.26380335713096453,0.6378099326462644
347,FastICA,0.09965252796517854,0.27716768351059506,0.6231797885242264
347,Chol-min,0.006722256897425467,0.07958010669176042,0.08658101961721032
347,Chol-max,0.4131514839628604,0.6482312827880015,0.8410806483365502
348,OT-ICA,0.1114120279669071,0.19022784846732566,0.6983601235657673
348,FastICA,0.10465270460989659,0.19998153730796048,0.6953657580821428
348,Chol-min,0.012084593081997146,0.05104142854317499,0.12460203719956442
348,Chol-max,0.43914754026817143,0.5559039500699129,0.8796557345587829
349,OT-ICA,0.13406361236590522,0.20257190881860482,0.66336447881549
349,FastICA,0.1282388149666513,0.2186785682716574,0.6530826167616913
349,Chol-min,0.015968631443916387,0.053858232532100085,0.1000687740007157
349,Chol-max,0.44997779460749343,0.5803837998761534,0.8605725859141717
350,OT-ICA,0.10611291517143268,0.282027399089539,0.6118596857390283
350,FastICA,0.10972718730981039,0.27908530940929627,0.6111875032808933
350,Chol-min,0.011741570450062504,0.07465489507488772,0.08001169678195813
350,Chol-max,0.4315510080724012,0.6278279573150879,0.8343437457699865
351,OT-ICA,0.11784735740909025,0.20963495753461847,0.6725176850562913
351,FastICA,0.11082098886761657,0.21713757722456392,0.6720414339078195
351,Chol-min,0.008654539140181229,0.06204372158792419,0.12459748970536356
351,Chol-max,0.4012653756379082,0.5967704797938558,0.8724999451724504
352,OT-ICA,0.12170782463125411,0.22168999276295098,0.656602182605795
352,FastICA,0.12380935111667929,0.2220305527848672,0.6541600960984535
352,Chol-min,0.00681401703202927,0.06320275655384934,0.1047909332976856
352,Chol-max,0.4194479925387851,0.5954893195802464,0.8712893952581581
353,OT-ICA,0.12661295450380558,0.24233156931093938,0.6310554761852549
353,FastICA,0.10990490711419448,0.23545117677176822,0.6546439161140373
353,Chol-min,0.011536432636294572,0.08123541734113796,0.08408712769980232
353,Chol-max,0.4219533932210612,0.6155381479813636,0.8312461221575722
354,OT-ICA,0.09144987397211937,0.29170009317245527,0.6168500328554254
354,FastICA,0.08569881238420159,0.2894468993203465,0.6248542882954519
354,Chol-min,0.008210508608661349,0.07177054348105563,0.10835799085479755
354,Chol-max,0.412635199244565,0.6136741409160839,0.8554014432659326
355,OT-ICA,0.11118991354900977,0.24907887183088023,0.6397312146201101
355,FastICA,0.11280624051542756,0.2589707384377147,0.6282230210468578
355,Chol-min,0.012446084979815518,0.07253855720947233,0.08768883181623031
355,Chol-max,0.4206557414308477,0.6146772805769284,0.8411640904192405
356,OT-ICA,0.15217786880335604,0.25082257589333884,0.5969995553033052
356,FastICA,0.1434936922702793,0.2665226218386913,0.5899836858910295
356,Chol-min,0.013871488028992969,0.07548015110805631,0.07727473703409371
356,Chol-max,0.4320058029271961,0.625218040044951,0.8286935755942963
357,OT-ICA,0.1372568700209497,0.22836851319273777,0.6343746167863125
357,FastICA,0.14027724099993769,0.2205044276373908,0.6392183313626716
357,Chol-min,0.010889872444989892,0.06940197430411614,0.08587587494683152
357,Chol-max,0.42481899065815176,0.5960393761120373,0.8506479402818268
358,OT-ICA,0.109971819747572,0.3297746649539964,0.5602535152984316
358,FastICA,0.11349412107133258,0.32459923097550075,0.5619066479531667
358,Chol-min,0.004197701758556949,0.09366138992553551,0.09119119299562731
358,Chol-max,0.3771543189962659,0.6462973456079688,0.8386826280942197
359,OT-ICA,0.14179259928063864,0.25333626182704383,0.6048711388923175
359,FastICA,0.14471684897894382,0.2289867982706761,0.6262963527503801
359,Chol-min,0.01646674319941728,0.046830781664786776,0.10962607961399064
359,Chol-max,0.45968898203002956,0.5609991987867029,0.8716919015719081
360,OT-ICA,0.08251968166565274,0.21603486490814214,0.7014454534262051
360,FastICA,0.08277286619461638,0.20792243192745943,0.7093047018779242
360,Chol-min,0.006488373922810126,0.04827681094099867,0.13395025333959465
360,Chol-max,0.40793670248114905,0.5787143400416455,0.8976772971494681
361,OT-ICA,0.0882009051618897,0.23480917599445894,0.6769899188436513
361,FastICA,0.09104895474680089,0.20666958397287377,0.7022814612803253
361,Chol-min,0.009135735648833259,0.05767780469802422,0.11212951495983749
361,Chol-max,0.407797170743923,0.5930040023861469,0.8757730835543467
362,OT-ICA,0.13110957974082776,0.3333699318899668,0.5355204883692055
362,FastICA,0.13267347678684172,0.33860105655343803,0.5287254666597203
362,Chol-min,0.013073050254486629,0.09764661099665263,0.06199007389730025
362,Chol-max,0.41531452700018096,0.6423417766823952,0.7999880974828398
363,OT-ICA,0.12898068378195185,0.2697267826743055,0.6012925335437426
363,FastICA,0.1352902455390021,0.27002130458470636,0.5946884498762915
363,Chol-min,0.011139449829089442,0.08997510849104376,0.07449051839196473
363,Chol-max,0.4147697634352835,0.6404488574459405,0.8165435192042364
364,OT-ICA,0.07650536051853857,0.21191583001983544,0.7115788094616261
364,FastICA,0.0811077601970105,0.20500796285438236,0.7138842769486071
364,Chol-min,0.005875404985858076,0.06475452653370102,0.13483224339943686
364,Chol-max,0.4009897127403772,0.5949536860390167,0.876578570438164
365,OT-ICA,0.1473791546388069,0.1854127727344307,0.6672080726267624
365,FastICA,0.1460737503030592,0.19692688180929765,0.6569993678876432
365,Chol-min,0.010266124778783161,0.06569860342819654,0.09929857767165873
365,Chol-max,0.4350907165229751,0.5985697127415728,0.8561508626359338
366,OT-ICA,0.11237144120973493,0.25045260981185247,0.6371759489784126
366,FastICA,0.11111484526604393,0.24422697727211126,0.6446581774618448
366,Chol-min,0.016798127067260523,0.06440625074232136,0.0922483635824306
366,Chol-max,0.44800924861239927,0.5884822429921566,0.8429925479468444
367,OT-ICA,0.14173416942223455,0.23330623109604343,0.624959599481722
367,FastICA,0.1446196210151352,0.22468368636972672,0.6306966926151382
367,Chol-min,0.014149980381690417,0.0722879433154003,0.09022929472579205
367,Chol-max,0.4348945493343234,0.6083933395164289,0.83662468958065
368,OT-ICA,0.17473459263894672,0.26105516463265316,0.5642102427284003
368,FastICA,0.174227520029105,0.25871055981320673,0.5670619201576883
368,Chol-min,0.014195920073741534,0.06866083561561478,0.08171538550342412
368,Chol-max,0.4554750984254586,0.6144175498667657,0.8348698204067092
369,OT-ICA,0.13559782458953878,0.22515697206996485,0.6392452033404963
369,FastICA,0.13066165153731907,0.21343929242710927,0.6558990560355716
369,Chol-min,0.013456761284346322,0.056974319771027,0.11158754179055828
369,Chol-max,0.4272226732803071,0.5912940819193301,0.8645322266838342
370,OT-ICA,0.14950216142867875,0.2306437953044966,0.6198540432668246
370,FastICA,0.15321383857700788,0.2173119736990513,0.6294741877239408
370,Chol-min,0.016001827126121835,0.07256929262077087,0.07667146692694018
370,Chol-max,0.447033198684884,0.6164555354639151,0.8265943274458007
371,OT-ICA,0.11501053617297274,0.31333803538686256,0.5716514284401646
371,FastICA,0.11999048094013268,0.2992665327211527,0.5807429863387146
371,Chol-min,0.009729934570790466,0.07381133957867213,0.09654739071210361
371,Chol-max,0.4268564118995485,0.6097096845522538,0.8462402149900357
372,OT-ICA,0.13375431659970488,0.2311572387478552,0.6350884446524399
372,FastICA,0.13764053690879405,0.21763302244033714,0.6447264406508688
372,Chol-min,0.012567303690291224,0.0687167353987691,0.08899168622364778
372,Chol-max,0.45013065436627364,0.5929309137012445,0.8442744394162992
373,OT-ICA,0.10406105435016513,0.18425125324955755,0.7116876924002773
373,FastICA,0.10815588133665525,0.18095810838878543,0.7108860102745593
373,Chol-min,0.01380257548237721,0.06227720198700415,0.10394284029634097
373,Chol-max,0.432509367121467,0.584542337548329,0.8564097032472997
374,OT-ICA,0.08781419861799582,0.252891622657919,0.6592941787240851
374,FastICA,0.09061535191948844,0.24705063778814232,0.6623340102923692
374,Chol-min,0.005289575465281921,0.08946964074899803,0.09799301384095709
374,Chol-max,0.402043696405297,0.6522978172148809,0.8353507897601684
375,OT-ICA,0.11277785027298655,0.24919740602175933,0.6380247437052542
375,FastICA,0.11429741406475079,0.25182475684311895,0.6338778290921302
375,Chol-min,0.020005710981429146,0.05527435568256469,0.0890807602504457
375,Chol-max,0.4449711943872447,0.5744232628868238,0.8519000934075843
376,OT-ICA,0.10686803001210868,0.2763954103743476,0.6167365596135438
376,FastICA,0.10938500728070363,0.26927823726386385,0.6213367554554325
376,Chol-min,0.01083803555531522,0.0985907893465364,0.06939160600432598
376,Chol-max,0.4137486749440166,0.6562795767536908,0.802762362798981
377,OT-ICA,0.10437451056299189,0.1767342185095472,0.7188912709274609
377,FastICA,0.10050323282278942,0.18554548199417834,0.7139512851830322
377,Chol-min,0.011553277658480576,0.04541789470619529,0.12272492827949234
377,Chol-max,0.4336084775275288,0.5564810544719689,0.888972032446011
378,OT-ICA,0.1642140273597514,0.31517786940393777,0.5206081032363109
378,FastICA,0.16302190652279316,0.2986099379624264,0.5383681555147803
378,Chol-min,0.015986325891251568,0.09536433015731599,0.05126127131190506
378,Chol-max,0.44836470189072347,0.6303282086662639,0.7888940061918658
379,OT-ICA,0.11912677440119092,0.2539470165405182,0.6269262090582909
379,FastICA,0.11669989193685439,0.25193822372284835,0.6313618843402973
379,Chol-min,0.013374401708624018,0.049413187594285674,0.11414727231559514
379,Chol-max,0.44491015419093366,0.5664571060298812,0.8760443264028821
380,OT-ICA,0.09958689677466867,0.21174436031748545,0.6886687429078459
380,FastICA,0.10371265366124978,0.21603676233262437,0.6802505840061258
380,Chol-min,0.00905952875789189,0.06762713760743637,0.10495302659412772
380,Chol-max,0.43220611924835095,0.6099185972340653,0.8555363177334683
381,OT-ICA,0.1084034774729801,0.2357068414594217,0.6558896810675982
381,FastICA,0.10710423474414188,0.2193433783814951,0.673552386874363
381,Chol-min,0.01224780667197278,0.053718038325659044,0.11630235139983021
381,Chol-max,0.43513263572037686,0.578937876296558,0.8723080327743353
382,OT-ICA,0.1573265529321203,0.27411839144253236,0.5685550556253472
382,FastICA,0.16069183010879748,0.2874530025823746,0.551855167308828
382,Chol-min,0.018304435971469205,0.0854768880121372,0.08148686159543356
382,Chol-max,0.44249029282390717,0.604524023868616,0.8099546739724
383,OT-ICA,0.14430452854965478,0.20611216495434764,0.6495833064959975
383,FastICA,0.13745186220335223,0.2094747460636056,0.6530733917330421
383,Chol-min,0.008696136166230386,0.06786063914614603,0.0954317576463704
383,Chol-max,0.44622135014250797,0.5870517355150282,0.8566232360749313
384,OT-ICA,0.16319875603274975,0.22251224555293145,0.6142889984143188
384,FastICA,0.1584679637147767,0.21711487544405192,0.6244171608411714
384,Chol-min,0.01769688086812413,0.06378343347628763,0.08530566203349893
384,Chol-max,0.45298636936481185,0.5855056716134995,0.840794743362822
385,OT-ICA,0.08139915696648223,0.2509669827369341,0.6676338602965838
385,FastICA,0.08337353667558496,0.2578322479713405,0.6587942153530745
385,Chol-min,0.0007732114031003598,0.10331936468509295,0.09519545220900516
385,Chol-max,0.35247240913008715,0.6767662979885365,0.8413170943221537
386,OT-ICA,0.09521806263193265,0.3625893093773215,0.542192627990746
386,FastICA,0.10303478658529867,0.3856568310455407,0.5113083823691605
386,Chol-min,0.008829602416444239,0.11217364097354693,0.05477174326030284
386,Chol-max,0.38362440906719253,0.6766350244458701,0.7906390889892948
387,OT-ICA,0.1294138021821715,0.25106891246205654,0.6195172853557719
387,FastICA,0.1301209394381302,0.24281482708864374,0.627064233473226
387,Chol-min,0.01574130113255298,0.07196874115672099,0.09490493445181107
387,Chol-max,0.42188828573880643,0.5947227853353497,0.8395577504872452
388,OT-ICA,0.0945329096367535,0.22310269892496026,0.6823643914382862
388,FastICA,0.10033787131459983,0.2186962893978465,0.6809658392875536
388,Chol-min,0.008164779995688055,0.06686307995240946,0.10730245545568672
388,Chol-max,0.43330509806342427,0.607058190500375,0.8591968979261365
389,OT-ICA,0.12577917428253887,0.24878951948300476,0.6254313062344564
389,FastICA,0.1167100910563823,0.2484166765060852,0.6348732324375325
389,Chol-min,0.009763507241332488,0.08142750055380336,0.08762662899458822
389,Chol-max,0.4181017258603115,0.6241741129427892,0.8346170329304048
390,OT-ICA,0.13060957286678979,0.22609312086550126,0.643297306267709
390,FastICA,0.1368978857127901,0.2291692450851162,0.6339328692020937
390,Chol-min,0.012708511443851687,0.07116321469803434,0.08939164232026538
390,Chol-max,0.43396012794579814,0.5962166893270574,0.8433255685774887
391,OT-ICA,0.10474098718692125,0.25893805738141923,0.6363209554316596
391,FastICA,0.09254042976077938,0.25126820557831997,0.6561913646609007
391,Chol-min,0.007311708236003745,0.06105360077525874,0.11414274808482032
391,Chol-max,0.43616867846964075,0.5955064046480875,0.8708734978845722
392,OT-ICA,0.10668234404970654,0.21914810190597162,0.6741695540443218
392,FastICA,0.11328233527429815,0.23349862650604736,0.6532190382196544
392,Chol-min,0.013196118654564357,0.04935227312644423,0.11249084167868204
392,Chol-max,0.4442715675699536,0.5739232415329983,0.8753106765818984
393,OT-ICA,0.12546157697973176,0.2710534219123462,0.603485001107922
393,FastICA,0.12837529533722672,0.2672446159410231,0.6043800887217502
393,Chol-min,0.0171350175519772,0.08050726616820543,0.07561390672882463
393,Chol-max,0.4284127099350747,0.6199215571986999,0.8173611251438845
394,OT-ICA,0.08349080919261644,0.19944764206463717,0.7170615487427464
394,FastICA,0.09342362833877167,0.19954077680325522,0.7070355948579732
394,Chol-min,0.006839217467646617,0.05746149778517488,0.11761344419270314
394,Chol-max,0.4224626175244315,0.5862337339357189,0.8805941466892899
395,OT-ICA,0.09744867529916493,0.28291488013081073,0.6196364445700244
395,FastICA,0.09973184381096288,0.27896541817835374,0.6213027380106834
395,Chol-min,0.0070132438049724305,0.07931697397792592,0.09880518897809912
395,Chol-max,0.42021397704817565,0.628982607370195,0.8440210818186917
396,OT-ICA,0.13544355989270992,0.2519147589094715,0.6126416811978186
396,FastICA,0.14130975284306124,0.2566617167918727,0.6020285303650661
396,Chol-min,0.01664636029167009,0.07276991496163122,0.091332662014225
396,Chol-max,0.44938019002848323,0.5806306708325795,0.8336326419759575
397,OT-ICA,0.08849499306902579,0.2702118327932364,0.6412931741377378
397,FastICA,0.09145748075258989,0.2881214084405914,0.6204211108068186
397,Chol-min,0.005792689719151404,0.09286884428421777,0.08851878921489073
397,Chol-max,0.4193362476670182,0.6435930510955516,0.8269164902033176
398,OT-ICA,0.1092749767155797,0.21162667845715497,0.6790983448272653
398,FastICA,0.09980296037480603,0.2147196202778864,0.6854774193473075
398,Chol-min,0.012174512425014028,0.055160164947520136,0.11696965433596763
398,Chol-max,0.44274351783775606,0.5712919922534189,0.870521786776173
399,OT-ICA,0.14125822071070068,0.23190366150328667,0.6268381177860126
399,FastICA,0.13401150656655098,0.22310430845341933,0.6428841849800296
399,Chol-min,0.019877714502659617,0.04853084708838279,0.0930082315122946
399,Chol-max,0.45947694744044537,0.5779353879370308,0.8586116497637439
400,OT-ICA,0.12785579796409272,0.20199649941308287,0.6701477026228243
400,FastICA,0.12122552159332584,0.18974842479088377,0.6890260536157904
400,Chol-min,0.013243838743150355,0.03873908714033656,0.13232967513402816
400,Chol-max,0.45481758320022325,0.5419366089158292,0.8943889008688276
401,OT-ICA,0.152808765968146,0.276345069950154,0.5708461640817
401,FastICA,0.14673736850539612,0.2930577144067702,0.5602049170878336
401,Chol-min,0.007876469518789129,0.08715733952347135,0.08384885155326371
401,Chol-max,0.4138856811706695,0.6291837295746475,0.8314716521809387
402,OT-ICA,0.13611893991827742,0.23422136021979453,0.629659699861928
402,FastICA,0.14332907179421844,0.24150021593886645,0.6151707122669151
402,Chol-min,0.018585727499578836,0.06069843724867097,0.09111831992246168
402,Chol-max,0.46141230296825064,0.5851336962736629,0.8424104944174929
403,OT-ICA,0.1286029559011965,0.1924465773955926,0.6789504667032109
403,FastICA,0.12270117831338957,0.1925777889971623,0.6847210326894482
403,Chol-min,0.014215585091715112,0.05064104028213191,0.12236971069434141
403,Chol-max,0.44423652991081,0.5888622052298723,0.8696722223150658
404,OT-ICA,0.11472824645294706,0.2750706008779784,0.6102011526690745
404,FastICA,0.11485673705424553,0.2673129135088425,0.6178303494369121
404,Chol-min,0.011666859935731692,0.06949030250223935,0.09468330470827359
404,Chol-max,0.4371041876214348,0.5785313498637595,0.8507942062415509
405,OT-ICA,0.14716113744055462,0.2017327150475549,0.6511061475118904
405,FastICA,0.14141650746557952,0.20800333065171103,0.6505801618827094
405,Chol-min,0.021869594993060383,0.04182455424676241,0.09905779143509386
405,Chol-max,0.4910170921501614,0.5672240222439974,0.8615172051136176
406,OT-ICA,0.13214795313612065,0.22143175059449052,0.6464202962693888
406,FastICA,0.12206684378111399,0.22570172598053986,0.6522314302383461
406,Chol-min,0.012843770393708357,0.05864985345682924,0.1073338507943351
406,Chol-max,0.4422494340822929,0.5998946929338469,0.8590656450023033
407,OT-ICA,0.1174678599091278,0.3132395483250856,0.5692925917657867
407,FastICA,0.12241366533335007,0.2907747015920631,0.5868116330745868
407,Chol-min,0.00807529703371015,0.08905503418733426,0.07396064396694871
407,Chol-max,0.4119198895365016,0.6467149670185762,0.8242526885097649
408,OT-ICA,0.12609724459936597,0.2638996026432785,0.6100031527573555
408,FastICA,0.13101359153074152,0.2544600911901692,0.6145263172790894
408,Chol-min,0.010190394283432625,0.07497239894661965,0.08479223714499433
408,Chol-max,0.4222067665377388,0.6177820451765627,0.8417428344839285
409,OT-ICA,0.1589031120983327,0.22009361862857355,0.6210032692730938
409,FastICA,0.15176614815583306,0.23022660058130814,0.6180072512628588
409,Chol-min,0.015161076328999474,0.053962126424477654,0.1103569953610107
409,Chol-max,0.43121486671491027,0.5849820429421572,0.8654676703121497
410,OT-ICA,0.11373642598770332,0.19563919321917878,0.6906243807931178
410,FastICA,0.1174410673743347,0.21132948076877953,0.6712294518568857
410,Chol-min,0.015258137395224936,0.05600726358211101,0.10425376941483214
410,Chol-max,0.45616742093216417,0.5724601028317228,0.8596892568144683
411,OT-ICA,0.16252281382396977,0.2018510715030994,0.6356261146729308
411,FastICA,0.153822891915382,0.20216503931572918,0.6440120687688888
411,Chol-min,0.016443657156183927,0.044471210255285616,0.11695614341282005
411,Chol-max,0.47253250785886064,0.540465034041515,0.8767758538691733
412,OT-ICA,0.08718967362854609,0.22179884813804082,0.691011478233413
412,FastICA,0.08861100574088178,0.22184700935531126,0.6895419849038069
412,Chol-min,0.01102304516882344,0.06725310963273852,0.10933590327129092
412,Chol-max,0.4179478300878622,0.6025720906073645,0.8557502320353099
413,OT-ICA,0.09224872707868449,0.1815588043876837,0.7261924685336317
413,FastICA,0.09583735513691931,0.17948509996074608,0.7246775449023346
413,Chol-min,0.011995953351632229,0.05163202270498347,0.11832941678735509
413,Chol-max,0.4224068089681266,0.5892552895261022,0.8762992896925985
414,OT-ICA,0.11929367220623366,0.17564918052764672,0.7050571472661196
414,FastICA,0.11914373564401895,0.17487401877113815,0.7059822455848429
414,Chol-min,0.00996384317598544,0.045277175325513945,0.14716294690620507
414,Chol-max,0.44162586384121033,0.5431031115909577,0.8942741573624471
415,OT-ICA,0.13638289205144596,0.2367663051549937,0.6268508027935603
415,FastICA,0.13975225790741264,0.22147821960617087,0.6387695224864166
415,Chol-min,0.010913118244736867,0.07030716911669475,0.08964695460531633
415,Chol-max,0.4395177939574769,0.614168423923157,0.8440868779966927
416,OT-ICA,0.12791369573563174,0.2770367767691625,0.5950495274952057
416,FastICA,0.1285368460584229,0.25247762756882147,0.6189855263727557
416,Chol-min,0.016244500815421815,0.09654837669140424,0.05891526479265213
416,Chol-max,0.4294274711549584,0.6574637247187654,0.7875312308025283
417,OT-ICA,0.14495072791148658,0.32692560172493174,0.5281236703635817
417,FastICA,0.13171422378577893,0.32613703985445736,0.5421487363597637
417,Chol-min,0.017519278409011206,0.08343497092884246,0.06332216066115758
417,Chol-max,0.4497940543899034,0.6220149974180929,0.8053523084978731
418,OT-ICA,0.12061927822205734,0.19905110630877568,0.6803296154691669
418,FastICA,0.1096564535128627,0.19334203177990314,0.6970015147072341
418,Chol-min,0.006960799326853266,0.08076720283985267,0.10396934940930184
418,Chol-max,0.4094236586332785,0.6294834798505581,0.8447174696556119
419,OT-ICA,0.10656081962065082,0.1974721837427608,0.6959669966365883
419,FastICA,0.10230957991396358,0.20974383435722962,0.6879465857288067
419,Chol-min,0.010499719421818569,0.0690174471789259,0.09590852121112209
419,Chol-max,0.41582598936060855,0.609177353539353,0.852678038489683
420,OT-ICA,0.12013649546552868,0.27515483693904197,0.6047086675954293
420,FastICA,0.11356662130217247,0.26585539469556657,0.6205779840022609
420,Chol-min,0.011473542020584513,0.06513415090513891,0.10329016541265208
420,Chol-max,0.43417630958813447,0.6052414558981698,0.8535951788556245
421,OT-ICA,0.13743826611216223,0.28772470229973846,0.5748370315880993
421,FastICA,0.1369746183850811,0.29319291681536647,0.5698324647995524
421,Chol-min,0.005010671046300615,0.08671679157737425,0.08384281190143876
421,Chol-max,0.4083427183012048,0.6486720545631841,0.8375044109692102
422,OT-ICA,0.13556871999312944,0.25694286056511684,0.6074884194417537
422,FastICA,0.14186571748553142,0.2551250872216645,0.6030091952928042
422,Chol-min,0.016675070298078874,0.07692285719644217,0.07589207037185645
422,Chol-max,0.44786053228548484,0.6025674935380586,0.8221099831300095
423,OT-ICA,0.11528654520248527,0.24532927594095125,0.6393841788565635
423,FastICA,0.10975279895074062,0.1985588200117917,0.6916883810374677
423,Chol-min,0.012390986863729383,0.05307190393400913,0.11864276695805856
423,Chol-max,0.4424666654242606,0.5764022078920401,0.8722088231546427
424,OT-ICA,0.0979966030915582,0.2601967917739895,0.6418066051344523
424,FastICA,0.10915942319194558,0.24184797781872547,0.648992598989329
424,Chol-min,0.007159674345371147,0.0756506944459831,0.10281035778915756
424,Chol-max,0.4271542646716679,0.6258290841013078,0.8479127009872368
425,OT-ICA,0.12170137450940882,0.2049841087267383,0.6733145167638528
425,FastICA,0.11783994563992879,0.20343296173371977,0.6787270926263513
425,Chol-min,0.011515525946225106,0.050679373222744156,0.1202798111354516
425,Chol-max,0.44709812729336496,0.5631736613135526,0.8787066381246635
426,OT-ICA,0.10546308718208458,0.169869281967171,0.7246676308507444
426,FastICA,0.10370778442544593,0.17876326007140841,0.7175289555031457
426,Chol-min,0.012176066427589885,0.04494292675064451,0.12364632498390157
426,Chol-max,0.44722262638470445,0.5730474186581842,0.8839280662756811
427,OT-ICA,0.09221693952919703,0.24150850982616454,0.6662745506446385
427,FastICA,0.08732156608154502,0.25616571036905766,0.6565127235493973
427,Chol-min,0.00692166719563565,0.06609205552515131,0.11078072678282988
427,Chol-max,0.4055482200067816,0.6119084729128275,0.8675629833106994
428,OT-ICA,0.12404967293049317,0.221290324924427,0.6546600021450798
428,FastICA,0.11534559131541484,0.2308947864080657,0.6537596222765194
428,Chol-min,0.012071546401845094,0.08288185164103479,0.07077498301457529
428,Chol-max,0.4252427077753745,0.6331787161794327,0.8218485571547409
429,OT-ICA,0.08915327085932183,0.24233404576001674,0.6685126833806614
429,FastICA,0.09386371421923863,0.25071683844386977,0.6554194473368916
429,Chol-min,0.005419622575467979,0.08368305952804618,0.0991157205574084
429,Chol-max,0.40231047695448774,0.6394314532435015,0.844509569777326
430,OT-ICA,0.12661461510440425,0.22401358142877548,0.6493718034668202
430,FastICA,0.11931272396014121,0.22967078649072048,0.6510164895491384
430,Chol-min,0.012916131350464639,0.07890207574028203,0.07305360158479175
430,Chol-max,0.4432703175821049,0.6389055691580704,0.8205540911919382
431,OT-ICA,0.10878022402886338,0.2505569622092142,0.6406628137619225
431,FastICA,0.10920917434724028,0.24822092670252202,0.6425698989502376
431,Chol-min,0.010008740588364632,0.07813634269097333,0.0894534388593016
431,Chol-max,0.42185044490567325,0.6169779905553419,0.8389824949891066
432,OT-ICA,0.11968122965925071,0.18438972340233967,0.6959290469384096
432,FastICA,0.13031417600446313,0.18025676693899195,0.689429057056545
432,Chol-min,0.020388249390518993,0.03522904103657722,0.12778164105338755
432,Chol-max,0.45703512221557535,0.532887478380255,0.8872242705739135
433,OT-ICA,0.1486953116201544,0.2327590799978734,0.6185456083819721
433,FastICA,0.14872579520918214,0.24498492399625132,0.6062892807945666
433,Chol-min,0.015645416276731647,0.056469095305967186,0.09854222108134436
433,Chol-max,0.4477496943631752,0.584162025256805,0.857263556697699
434,OT-ICA,0.10044435400084425,0.3424701616641838,0.557085484334972
434,FastICA,0.10485417482033041,0.3453125579922635,0.5498332671874061
434,Chol-min,0.012513333708412754,0.10524496624059042,0.05825891520267823
434,Chol-max,0.40018185919562715,0.661742519779187,0.7906269915627129
435,OT-ICA,0.15930938199268715,0.22148772270021128,0.6192028953071016
435,FastICA,0.17000438678511556,0.21436997560448276,0.6156256376104017
435,Chol-min,0.01331846295784052,0.0757811854213549,0.09557394674964892
435,Chol-max,0.4234582704153363,0.6093744142848344,0.83657551816904
436,OT-ICA,0.11844085022800542,0.22020845618832297,0.6613506935836716
436,FastICA,0.11811978374077389,0.2205607744079927,0.6613194418512334
436,Chol-min,0.013592706375646746,0.059476727353479295,0.10482567211322955
436,Chol-max,0.4470268424825104,0.5878752392370654,0.857404494991782
437,OT-ICA,0.1242120324609508,0.21453884011397664,0.6612491274250726
437,FastICA,0.12636709002777657,0.23013552425956804,0.6434973857126554
437,Chol-min,0.021027876690571507,0.06065573949912406,0.08774930657552632
437,Chol-max,0.45959981379202275,0.5834314688190134,0.8382733441355323
438,OT-ICA,0.11985599604787883,0.31756757122059287,0.5625764327315282
438,FastICA,0.11416232227129793,0.30131916413821785,0.5845185135904842
438,Chol-min,0.006614193951938261,0.0988966223335381,0.06817143040674817
438,Chol-max,0.388241869983834,0.6730888329245034,0.8149534745693825
439,OT-ICA,0.10836585267529557,0.28341723681808556,0.6082169105066189
439,FastICA,0.10618737527204994,0.28298008774506056,0.6108325369828894
439,Chol-min,0.010278325363597489,0.0802261953971435,0.10217901937541284
439,Chol-max,0.40937207289517885,0.6286901038016792,0.8373494467830519
440,OT-ICA,0.12350455468786206,0.22922335658706866,0.6472720887250693
440,FastICA,0.12681118084969606,0.22941434167807506,0.6437744774722288
440,Chol-min,0.015908918675127805,0.056367119440009245,0.1043853145706831
440,Chol-max,0.45014158575604374,0.578712847411522,0.8579548485437117
441,OT-ICA,0.12539849462892505,0.2511368700294835,0.6234646353415914
441,FastICA,0.12841472288615136,0.2442513884476217,0.627333888666227
441,Chol-min,0.01964139997719576,0.05471371129611213,0.09200937359520169
441,Chol-max,0.4778098642980289,0.5686864522747819,0.8485814173007037
442,OT-ICA,0.12562750641231016,0.20819481098751297,0.6661776826001768
442,FastICA,0.12401777927090152,0.21593270607325932,0.6600495146558392
442,Chol-min,0.010676166670487708,0.04774953965180254,0.12359188141200131
442,Chol-max,0.42579848809936643,0.5577718123724962,0.8886426126318264
443,OT-ICA,0.08548411462873556,0.2514702622435945,0.6630456231276699
443,FastICA,0.08017123532273204,0.24702903872913237,0.6727997259481355
443,Chol-min,0.010536640574595005,0.07069932617652505,0.09201143936350946
443,Chol-max,0.4147709147726095,0.6075961752636754,0.8504635222007196
444,OT-ICA,0.1010028159963584,0.25140020362528903,0.6475969803783526
444,FastICA,0.0925401712487348,0.26212056490949764,0.6453392638417675
444,Chol-min,0.006086663153661146,0.09436655109731919,0.08526295305148412
444,Chol-max,0.39467564345244316,0.6584481843752426,0.8260050809012374
445,OT-ICA,0.11078333185433153,0.22947803850021797,0.6597386296454506
445,FastICA,0.10939200324044622,0.23038939810773523,0.6602185986518185
445,Chol-min,0.021726115782308788,0.042850134790047845,0.09897312882700204
445,Chol-max,0.47398463445635314,0.5583298920161053,0.8648188417281009
446,OT-ICA,0.13211189624878975,0.24393560869207853,0.6239524950591318
446,FastICA,0.13214231096970322,0.2458023406483849,0.6220553483819118
446,Chol-min,0.011256089007081785,0.06763200585364855,0.10052780912358228
446,Chol-max,0.43442419929603665,0.615018080363787,0.8487719941194694
447,OT-ICA,0.17291936548396708,0.20181849595333856,0.6252621385626943
447,FastICA,0.1690978995633866,0.1980992190782914,0.632802881358322
447,Chol-min,0.01868270545602399,0.05508368559112172,0.09213443296766285
447,Chol-max,0.4562003768929982,0.571142465901675,0.8534094531888949
448,OT-ICA,0.11798988277777081,0.26098002518431634,0.6210300920379128
448,FastICA,0.1212288845538852,0.27162293594757614,0.6071481794985387
448,Chol-min,0.008504422040567108,0.07506025881862263,0.0936840969971786
448,Chol-max,0.40746353399674456,0.630611650620842,0.8472456709907507
449,OT-ICA,0.13953009429690347,0.23292450160810158,0.627545404094995
449,FastICA,0.13628358264720666,0.23018268145521797,0.6335337358975754
449,Chol-min,0.012807568935609292,0.06462865963665906,0.09579199950978012
449,Chol-max,0.44518305951436976,0.5956610488248774,0.8503205973073586
450,OT-ICA,0.14026663982368331,0.26264547643699615,0.5970878837393206
450,FastICA,0.13650535658275711,0.25625624495322163,0.6072383984640212
450,Chol-min,0.022915617525733404,0.08433999564895647,0.0633703627623005
450,Chol-max,0.45272152318853337,0.6272337607330132,0.7923690146861802
451,OT-ICA,0.08985014825922122,0.2443829901302907,0.665766861610488
451,FastICA,0.10110208650468012,0.24349157005819022,0.6554063434371297
451,Chol-min,0.009627045526562447,0.07829880112501843,0.10374720313153261
451,Chol-max,0.41096272589203364,0.6156130522565572,0.8434472816669397
452,OT-ICA,0.1281648706263806,0.2705780512138345,0.601257078159785
452,FastICA,0.12631484836814394,0.2799119628346474,0.5937731887972086
452,Chol-min,0.007342219520273689,0.08622784428216307,0.09496111329859766
452,Chol-max,0.40564967858694667,0.6395615214677268,0.8350219631031799
453,OT-ICA,0.1041266414117612,0.27660793915028775,0.6192654194379511
453,FastICA,0.10315833402889317,0.2775421667954856,0.6192994991756212
453,Chol-min,0.010902469005308543,0.07728077628506991,0.09425075886487558
453,Chol-max,0.3948333883686386,0.6030233534553094,0.8461892667024121
454,OT-ICA,0.1397641203902284,0.24487221714387475,0.6153636624658968
454,FastICA,0.14307180959956958,0.23896694540939162,0.6179612449910388
454,Chol-min,0.012213385413822409,0.07074254248126512,0.09351777384079221
454,Chol-max,0.44543451421797464,0.6097029760070356,0.8407498050690747
455,OT-ICA,0.13752776276064893,0.25992905060933624,0.6025431866300148
455,FastICA,0.14390958963085163,0.24776575595156564,0.6083246544175828
455,Chol-min,0.019562380732119286,0.04504112820802724,0.10831779207542344
455,Chol-max,0.4622002764484324,0.5570295534366282,0.8686483267325148
456,OT-ICA,0.12408684614085248,0.22758314129782292,0.6483300125613245
456,FastICA,0.12637257177850186,0.2238736218958079,0.6497538063256902
456,Chol-min,0.009198896068522627,0.04692808523518553,0.13165869761950044
456,Chol-max,0.42691697390821765,0.5638080877100695,0.8923608812235184
457,OT-ICA,0.15802443644425226,0.18384073777372376,0.658134825782024
457,FastICA,0.13526945151177103,0.19017488647603378,0.6745556620121952
457,Chol-min,0.02504185125674652,0.05115000114690427,0.08398157493582221
457,Chol-max,0.5004809272877775,0.5609897530769964,0.8399592104755025
458,OT-ICA,0.14382657815950722,0.26823075956455417,0.5879426622759386
458,FastICA,0.14338529133523154,0.2573391137208798,0.5992755949438886
458,Chol-min,0.012337338398580058,0.06926710418280821,0.08037414753401628
458,Chol-max,0.4456373771829496,0.628999757757122,0.8370979195460462
459,OT-ICA,0.11311380977103484,0.284582431827219,0.6023037584017462
459,FastICA,0.12311869149208318,0.2775658312609995,0.5993154772469172
459,Chol-min,0.007397056730364694,0.09886254801363673,0.07398338528340409
459,Chol-max,0.40806557994229864,0.6607334067487044,0.812048379788824
460,OT-ICA,0.13115667908873385,0.18276522463281628,0.68607809627845
460,FastICA,0.12162034716239299,0.17669370479434984,0.7016859480432571
460,Chol-min,0.015760215303249198,0.038989171603094744,0.11968492445124859
460,Chol-max,0.4778764921473284,0.5490132032816172,0.8839346161210448
461,OT-ICA,0.16045253883977822,0.2918070866543912,0.5477403745058307
461,FastICA,0.16346934469648006,0.29564076188336064,0.5408898934201594
461,Chol-min,0.01884017586841464,0.09037511069895128,0.06141005033919688
461,Chol-max,0.44080493697788453,0.6238850192651912,0.7953788560904304
462,OT-ICA,0.11066938200542896,0.2374037521446439,0.6519268658499272
462,FastICA,0.1121350859216387,0.22879863889148802,0.6590662751868733
462,Chol-min,0.008989880693708407,0.05989689622933518,0.11717509787019269
462,Chol-max,0.4196675553457545,0.5789523224635764,0.8737735429589499
463,OT-ICA,0.09982187766490803,0.2507582058502088,0.6494199164848833
463,FastICA,0.11845954638174548,0.2542420693071745,0.62729838431108
463,Chol-min,0.014043331931397736,0.06572807646374773,0.0918195000664396
463,Chol-max,0.45202046451232036,0.587807846289213,0.8460017227040927
464,OT-ICA,0.13292315304284608,0.24394199901489316,0.6231348479422607
464,FastICA,0.13242169294906111,0.23740745169945232,0.6301708553514866
464,Chol-min,0.010961142448277887,0.0838119968721449,0.08268495308343357
464,Chol-max,0.42092778834503464,0.6318550304565393,0.8262364130761243
465,OT-ICA,0.10052972156276488,0.23925512284249473,0.6602151555947404
465,FastICA,0.10312638674059817,0.2418577365204243,0.6550158767389775
465,Chol-min,0.00519688095511627,0.06448609668879884,0.11992163172223293
465,Chol-max,0.41049170506005705,0.5962321763116275,0.8763980544933502
466,OT-ICA,0.18962985241331,0.2489299053182418,0.5614402422684481
466,FastICA,0.17668139524565474,0.2487856522502695,0.5745329525040758
466,Chol-min,0.01463155306519825,0.0671395987127076,0.07600296348875413
466,Chol-max,0.44848286715884866,0.5960106818480863,0.8398391782757152
467,OT-ICA,0.07747427659025974,0.24096334049075577,0.6815623829189844
467,FastICA,0.0769761781209113,0.22682467850493043,0.6961991433741582
467,Chol-min,0.012637797772155637,0.04870272421072313,0.1302686922637058
467,Chol-max,0.42234307651767233,0.5679890006783446,0.8828217990572783
468,OT-ICA,0.12804670612569669,0.17961247760663243,0.6923408162676709
468,FastICA,0.11839914974524816,0.19695144783589147,0.6846494024188603
468,Chol-min,0.012568867388691608,0.049501041178534426,0.11413555979378681
468,Chol-max,0.44051574748145034,0.542768572487495,0.8817586816574701
469,OT-ICA,0.11038158629304463,0.2550335377173457,0.6345848759896097
469,FastICA,0.11045598132881429,0.2526386637958453,0.6369053548753403
469,Chol-min,0.010414859407616177,0.06350203073157444,0.0997429441278064
469,Chol-max,0.413069344360988,0.6157326198810058,0.8598278333653487
470,OT-ICA,0.1474381007157693,0.24204450052201607,0.6105173987622147
470,FastICA,0.1576005215607995,0.23820259821329215,0.6041968802259083
470,Chol-min,0.02732076790095687,0.04521612436364847,0.08758665396899898
470,Chol-max,0.48038945611554745,0.5623758884559006,0.8487122259530444
471,OT-ICA,0.05422150547241421,0.25252072845217904,0.6932577660754068
471,FastICA,0.06778028733118353,0.24888878721063515,0.6833309254581813
471,Chol-min,0.0021472324034287485,0.08561316450602854,0.10176424997717504
471,Chol-max,0.38769252419294975,0.6208088567470086,0.8588494729335568
472,OT-ICA,0.11752585181507431,0.1743208137379524,0.7081533344469734
472,FastICA,0.11295910208297517,0.17864809219171437,0.7083928057253105
472,Chol-min,0.013110707767521842,0.051663782690568934,0.11916791875272321
472,Chol-max,0.4575454412757233,0.5559026609938673,0.8734770598770087
473,OT-ICA,0.14169207003232134,0.17695973161169226,0.6813481983559864
473,FastICA,0.16453956943593961,0.17468241170974916,0.6607780188543112
473,Chol-min,0.028529608938943782,0.03126987001051664,0.12651806781223207
473,Chol-max,0.49310098876087444,0.5278391527587567,0.87468497633485
474,OT-ICA,0.14885981545985258,0.2714378287513238,0.5797023557888236
474,FastICA,0.14660929275250995,0.2755035845295924,0.5778871227178977
474,Chol-min,0.013230449772388537,0.07671064901237105,0.08624434343465735
474,Chol-max,0.4154163678498977,0.6320554126702864,0.8319088705013609
475,OT-ICA,0.13737393616742613,0.1876109021233571,0.6750151617092167
475,FastICA,0.13151192668165507,0.1927319791602639,0.675756094158081
475,Chol-min,0.02586794709475335,0.04535896369822868,0.0954026199628912
475,Chol-max,0.4812264640153936,0.5546581174134615,0.8531066519093834
476,OT-ICA,0.0976580741927179,0.2443949298081367,0.6579469959991453
476,FastICA,0.09316955653568391,0.25329250985880525,0.6535379336055109
476,Chol-min,0.00875929175584649,0.06521192054961636,0.10180676896350267
476,Chol-max,0.4332782612179611,0.6280718579009562,0.8558685606640954
477,OT-ICA,0.12931568847663225,0.27028935146136474,0.6003949600620031
477,FastICA,0.12057255171036695,0.26359497327329445,0.6158324750163386
477,Chol-min,0.01182583947021914,0.08572163029110427,0.08101357605237954
477,Chol-max,0.43556080389284463,0.6112913297897077,0.8226880635416082
478,OT-ICA,0.09138176860392873,0.2596811402002248,0.6489370911958464
478,FastICA,0.10922101737168075,0.26346881603023153,0.6273101665980877
478,Chol-min,0.009947569053458968,0.06365230952038328,0.10488531477485707
478,Chol-max,0.41779244709525626,0.6000773444051479,0.8628331574896477
479,OT-ICA,0.09625624934398294,0.2705574126454025,0.6331863380106145
479,FastICA,0.09466298956767764,0.26748256849274005,0.6378544419395823
479,Chol-min,0.007692114061882646,0.055227671120126706,0.12588995115725649
479,Chol-max,0.4099227561095336,0.5915035493380856,0.8830878325663849
480,OT-ICA,0.13976960147149317,0.19029863138852363,0.6699317671399831
480,FastICA,0.15825185837492856,0.18474183115348752,0.6570063104715839
480,Chol-min,0.01546627566392123,0.0400284370168129,0.11822798968693542
480,Chol-max,0.47232864617579295,0.5464614249465394,0.8841425688081582
481,OT-ICA,0.11007111930762244,0.18687030667823432,0.7030585740141432
481,FastICA,0.11215189573054071,0.1887710444242594,0.6990770598452
481,Chol-min,0.011948641208512023,0.06204629508499018,0.10720404815475809
481,Chol-max,0.43463471065991954,0.5835769516996645,0.8605641925095601
482,OT-ICA,0.11465405659690976,0.26798991834589714,0.6173560250571931
482,FastICA,0.10686828276168706,0.25613215255228944,0.6369995646860235
482,Chol-min,0.01556332619965581,0.08234955365285371,0.07904558847246274
482,Chol-max,0.43302400361520643,0.6216763090999519,0.8172891557241841
483,OT-ICA,0.10184169368560321,0.30402560931697337,0.5941326969974233
483,FastICA,0.09140497754785341,0.297547831724975,0.6110471907271715
483,Chol-min,0.0025221631792305137,0.10447901575170737,0.0723659486757616
483,Chol-max,0.39577120048431336,0.6781564030937955,0.8198658794423449
484,OT-ICA,0.13191869278173632,0.2323556880779276,0.6357256191403361
484,FastICA,0.12497869830277934,0.24489288363150857,0.6301284180657121
484,Chol-min,0.007372790389059068,0.08430356888905813,0.09529754612439999
484,Chol-max,0.4010005183082005,0.613337027223412,0.8428584534189051
485,OT-ICA,0.1382846164338851,0.2516643984016747,0.6100509851644402
485,FastICA,0.13037015658099121,0.2492034584389158,0.6204263849800931
485,Chol-min,0.015289672492118584,0.07735116749959461,0.08692222067482365
485,Chol-max,0.44088298761513534,0.6138386590773911,0.8251491428074098
486,OT-ICA,0.07848473505082473,0.20368015602177486,0.7178351089274004
486,FastICA,0.07710946279959466,0.18461460510165328,0.7382759320987521
486,Chol-min,0.007146062119659768,0.06714595632331045,0.11327626584422983
486,Chol-max,0.40548092428952415,0.6097079821021478,0.8661752430388996
487,OT-ICA,0.10769780117645933,0.2898810355711324,0.6024211632524082
487,FastICA,0.1166640430104605,0.2944791852755848,0.5888567717139547
487,Chol-min,0.01139343579652024,0.08711137427874732,0.07002538136181674
487,Chol-max,0.42584101149895515,0.6411006727039242,0.8162310511106506
488,OT-ICA,0.13203153955545752,0.18337682604738828,0.6845916343971542
488,FastICA,0.13856595863830326,0.19155397375217942,0.6698800676095173
488,Chol-min,0.011138928382871949,0.06113321503268418,0.11035606029468864
488,Chol-max,0.4443508510456225,0.5804994264648342,0.8625707326478086
489,OT-ICA,0.08809950683587411,0.28087918672036033,0.6310213064437656
489,FastICA,0.08113884034631796,0.26406067030048846,0.6548004893531936
489,Chol-min,0.007013027473279771,0.0830733695627063,0.0945631760386029
489,Chol-max,0.39339878108225623,0.6471273225313032,0.8408175148633189
490,OT-ICA,0.10362822643000824,0.22856777973092357,0.6678039938390682
490,FastICA,0.10292540521738401,0.2404463048197516,0.6566282899628644
490,Chol-min,0.011546939071317396,0.0546658623642652,0.12856473799192505
490,Chol-max,0.4116377765352161,0.5612496677001725,0.8797124286533968
491,OT-ICA,0.1470951569239861,0.2577923193217149,0.595112523754299
491,FastICA,0.15007887149627763,0.2615593924280619,0.5883617360756606
491,Chol-min,0.012904716391419596,0.09689665653663007,0.06612747248112867
491,Chol-max,0.4147168118990105,0.6447939488611925,0.8017941111689743
492,OT-ICA,0.08603415248633346,0.23085522701406058,0.6831106204996059
492,FastICA,0.08610606501672347,0.22569720809441926,0.6881967268888572
492,Chol-min,0.005104061822152695,0.07341237258554095,0.10593909564778989
492,Chol-max,0.3889971489474801,0.6357437889271752,0.861891040319338
493,OT-ICA,0.12025556440840797,0.1950786869734758,0.6846657486181162
493,FastICA,0.11563458873525137,0.21735423733720327,0.6670111739275453
493,Chol-min,0.012014020738270495,0.04905273020063527,0.13897204334823268
493,Chol-max,0.4368295869420162,0.5553499004923793,0.8835502404316958
494,OT-ICA,0.13928585260359522,0.3262343802704581,0.5344797671259467
494,FastICA,0.1329509327743188,0.33563801488868894,0.5314110523369923
494,Chol-min,0.008006981180535394,0.09624099853043828,0.07395294777238987
494,Chol-max,0.41818014722568175,0.6522431240519866,0.8131790572892689
495,OT-ICA,0.11871395142389105,0.2909467546698171,0.5903392939062918
495,FastICA,0.12014733525677776,0.28443315428336113,0.5954195104598612
495,Chol-min,0.011788634934842494,0.09628897946475726,0.06456362358221993
495,Chol-max,0.42968718801190314,0.6401328948721873,0.802231589064866
496,OT-ICA,0.12395978350547139,0.18168028165079586,0.6943599348437327
496,FastICA,0.11829281290845016,0.1807216733274227,0.7009855137641271
496,Chol-min,0.016137577698316467,0.05442180139075158,0.10838246796248117
496,Chol-max,0.46423487567779825,0.5770911550275035,0.8582001561103555
497,OT-ICA,0.13040311939801782,0.16949403484560294,0.7001028457563792
497,FastICA,0.1385962521852577,0.1770825130330336,0.6843212347817087
497,Chol-min,0.020093454894736355,0.03717216999364029,0.12597501720539675
497,Chol-max,0.466635759685229,0.545699322608124,0.8813104112281666
498,OT-ICA,0.14096880126758707,0.19953212233421372,0.6594990763981992
498,FastICA,0.13668375704898764,0.19582778310959634,0.667488459841416
498,Chol-min,0.019183001416092593,0.03999941041134631,0.13625272659177284
498,Chol-max,0.4513678123896487,0.547054487611736,0.8815235593492022
499,OT-ICA,0.13925615738165767,0.19626526283973958,0.6644785797786028
499,FastICA,0.1417008919995726,0.20680127880652316,0.6514978291939042
499,Chol-min,0.01723343251263242,0.04757073929589714,0.11096399949227598
499,Chol-max,0.46532465265850764,0.5504543582441614,0.8701089646946861
